,name,link,mark,episode or len,type,genre,comments,year
0,Стальной алхимик: Братство,https://shikimori.one/animes/z5114-fullmetal-alchemist-brotherhood,9.18,64,TV Сериал,Экшен,3286 комментариев,С 5 апреля 2009 г. по 4 июля 2010 г.
1,Атака титанов 3. Часть 2,https://shikimori.one/animes/38524-shingeki-no-kyojin-season-3-part-2,9.11,10,TV Сериал,Экшен,3344 комментария,С 29 апреля 2019 г. по июль 2019 г.
2,Врата Штейна,https://shikimori.one/animes/z9253-steins-gate,9.11,24,TV Сериал,Триллер,4559 комментариев,С 6 апреля 2011 г. по 14 сентября 2011 г.
3,Гинтама 4,https://shikimori.one/animes/z28977-gintama,9.1,51,TV Сериал,Экшен,1160 комментариев,С 8 апреля 2015 г. по 30 марта 2016 г.
4,Охотник х Охотник (2011),https://shikimori.one/animes/z11061-hunter-x-hunter-2011,9.09,148,TV Сериал,Экшен,11285 комментариев,С 2 октября 2011 г. по 24 сентября 2014 г.
5,Легенда о героях Галактики,https://shikimori.one/animes/820-ginga-eiyuu-densetsu,9.07,110,OVA,Военное,2148 комментариев,
6,Гинтама 2,https://shikimori.one/animes/z9969-gintama,9.07,51,TV Сериал,Экшен,104 комментария,С 4 апреля 2011 г. по 26 марта 2012 г.
7,Гинтама 3,https://shikimori.one/animes/z15417-gintama-enchousen,9.04,13,TV Сериал,Экшен,82 комментария,С 4 октября 2012 г. по 28 марта 2013 г.
8,Атака титанов: Финал,https://shikimori.one/animes/40028-shingeki-no-kyojin-the-final-season,9.0,16,TV Сериал,Экшен,15594 комментария,
9,Мартовский лев 2,https://shikimori.one/animes/35180-3-gatsu-no-lion-2nd-season,8.99,22,TV Сериал,Драма,357 комментариев,С 14 октября 2017 г. по 31 марта 2018 г.
10,Форма голоса,https://shikimori.one/animes/y28851-koe-no-katachi,8.99,2 часа 10 мин.,Фильм,Драма,3024 комментария,
11,Гинтама 5,https://shikimori.one/animes/z34096-gintama,8.98,12,TV Сериал,Экшен,579 комментариев,С 9 января 2017 г. по 27 марта 2017 г.
12,Кланнад: Продолжение истории,https://shikimori.one/animes/z4181-clannad-after-story,8.96,24,TV Сериал,Повседневность,1685 комментариев,С 3 октября 2008 г. по 27 марта 2009 г.
13,Гинтама,https://shikimori.one/animes/z918-gintama,8.96,201,TV Сериал,Экшен,1886 комментариев,С 4 апреля 2006 г. по 25 марта 2010 г.
14,Корзинка фруктов: Финал,https://shikimori.one/animes/42938-fruits-basket-the-final,8.95,9 / 13,TV Сериал,Повседневность,219 комментариев,
15,Гинтама: Финальная арка — Ёродзуя навсегда!,https://shikimori.one/animes/z15335-gintama-movie-2-kanketsu-hen-yorozuya-yo-eien-nare,8.95,1 час 50 мин.,Фильм,Экшен,166 комментариев,
16,Твоё имя,https://shikimori.one/animes/32281-kimi-no-na-wa,8.95,1 час 46 мин.,Фильм,Романтика,3357 комментариев,
17,История финала 2,https://shikimori.one/animes/z35247-owarimonogatari-2nd-season,8.92,7,TV Сериал,Детектив,1035 комментариев,С 12 августа 2017 г. по 13 августа 2017 г.
18,Код Гиас: Восставший Лелуш 2,https://shikimori.one/animes/2904-code-geass-hangyaku-no-lelouch-r2,8.91,25,TV Сериал,Экшен,1369 комментариев,С 6 апреля 2008 г. по 28 сентября 2008 г.
19,Гинтама 8,https://shikimori.one/animes/37491-gintama-shirogane-no-tamashii-hen-kouhan-sen,8.87,14,TV Сериал,Экшен,331 комментарий,С 9 июля 2018 г. по 8 октября 2018 г.
20,Волейбол!! 3,https://shikimori.one/animes/z32935-haikyuu-karasuno-koukou-vs-shiratorizawa-gakuen-koukou,8.86,10,TV Сериал,Комедия,466 комментариев,С 8 октября 2016 г. по 10 декабря 2016 г.
21,Моб Психо 100 2,https://shikimori.one/animes/z37510-mob-psycho-100-ii,8.83,13,TV Сериал,Экшен,1142 комментария,С 7 января 2019 г. по апрель 2019 г.
22,Истории ран. Часть 3: Холодная кровь,https://shikimori.one/animes/z31758-kizumonogatari-iii-reiketsu-hen,8.82,1 час 23 мин.,Фильм,Экшен,620 комментариев,
23,Унесённые призраками,https://shikimori.one/animes/z199-sen-to-chihiro-no-kamikakushi,8.82,2 часа 5 мин.,Фильм,Приключения,673 комментария,
24,Гинтама 7,https://shikimori.one/animes/36838-gintama-shirogane-no-tamashii-hen,8.81,12,TV Сериал,Экшен,293 комментария,С 8 января 2018 г. по 26 марта 2018 г.
25,Ковбой Бибоп,https://shikimori.one/animes/1-cowboy-bebop,8.78,26,TV Сериал,Экшен,1092 комментария,С 3 апреля 1998 г. по 24 апреля 1999 г.
26,Гинтама: Финал,https://shikimori.one/animes/39486-gintama-the-final,8.8,1 час 44 мин.,Фильм,Экшен,184 комментария,
27,Судьба/Ночь схватки: Прикосновение небес 3,https://shikimori.one/animes/33050-fate-stay-night-movie-heaven-s-feel-iii-spring-song,8.78,2 часа 2 мин.,Фильм,Экшен,2659 комментариев,
28,Магическая битва,https://shikimori.one/animes/40748-jujutsu-kaisen-tv,8.78,24,TV Сериал,Экшен,8008 комментариев,
29,Цикл историй: Второй сезон,https://shikimori.one/animes/x17074-monogatari-series-second-season,8.78,26,TV Сериал,Детектив,1791 комментарий,С 7 июля 2013 г. по 29 декабря 2013 г.
30,"Клинок, рассекающий демонов: Бесконечный поезд",https://shikimori.one/animes/z40456-kimetsu-no-yaiba-movie-mugen-ressha-hen,8.78,1 час 57 мин.,Фильм,Экшен,1459 комментариев,
31,Сёва-Гэнроку: Двойное самоубийство по ракуго 2,https://shikimori.one/animes/33095-shouwa-genroku-rakugo-shinjuu-sukeroku-futatabi-hen,8.78,12,TV Сериал,Драма,200 комментариев,С 7 января 2017 г. по 25 марта 2017 г.
32,Монстр,https://shikimori.one/animes/19-monster,8.77,74,TV Сериал,Драма,2067 комментариев,С 7 апреля 2004 г. по 28 сентября 2005 г.
33,Мастер муси: Следующая глава 2,https://shikimori.one/animes/24701-mushishi-zoku-shou-2nd-season,8.76,10,TV Сериал,Приключения,100 комментариев,С 19 октября 2014 г. по 21 декабря 2014 г.
34,Первый шаг,https://shikimori.one/animes/263-hajime-no-ippo,8.74,75,TV Сериал,Комедия,397 комментариев,С 4 октября 2000 г. по 27 марта 2002 г.
35,Созданный в Бездне,https://shikimori.one/animes/z34599-made-in-abyss,8.74,13,TV Сериал,Фантастика,1953 комментария,С 7 июля 2017 г. по 29 сентября 2017 г.
36,Вайолет Эвергарден. Фильм,https://shikimori.one/animes/37987-violet-evergarden-movie,8.75,2 часа 20 мин.,Фильм,Повседневность,649 комментариев,
37,Бродяга Кэнсин: Воспоминания,https://shikimori.one/animes/z44-rurouni-kenshin-meiji-kenkaku-romantan-tsuioku-hen,8.73,4,OVA,Экшен,194 комментария,
38,Твоя апрельская ложь,https://shikimori.one/animes/z23273-shigatsu-wa-kimi-no-uso,8.73,22,TV Сериал,Драма,3431 комментарий,С 10 октября 2014 г. по 20 марта 2015 г.
39,Волейбол!! 2,https://shikimori.one/animes/z28891-haikyuu-second-season,8.72,25,TV Сериал,Комедия,422 комментария,С 4 октября 2015 г. по 27 марта 2016 г.
40,Созданный в Бездне: Рассвет глубокой души,https://shikimori.one/animes/z36862-made-in-abyss-movie-3-fukaki-tamashii-no-reimei,8.72,1 час 45 мин.,Фильм,Фантастика,605 комментариев,
41,Мастер муси: Следующая глава,https://shikimori.one/animes/21939-mushishi-zoku-shou,8.72,10,TV Сериал,Приключения,114 комментариев,С 5 апреля 2014 г. по 21 июня 2014 г.
42,Код Гиас: Восставший Лелуш,https://shikimori.one/animes/1575-code-geass-hangyaku-no-lelouch,8.71,25,TV Сериал,Экшен,2403 комментария,С 6 октября 2006 г. по 29 июля 2007 г.
43,Сага о Винланде,https://shikimori.one/animes/37521-vinland-saga,8.71,24,TV Сериал,Экшен,3196 комментариев,С 8 июля 2019 г. по 30 декабря 2019 г.
44,Принцесса Мононоке,https://shikimori.one/animes/164-mononoke-hime,8.71,2 часа 13 мин.,Фильм,Экшен,312 комментариев,
45,Крутой учитель Онидзука,https://shikimori.one/animes/245-great-teacher-onizuka,8.7,43,TV Сериал,Повседневность,771 комментарий,С 30 июня 1999 г. по 17 сентября 2000 г.
46,Госпожа Кагуя: в любви как на войне 2,https://shikimori.one/animes/40591-kaguya-sama-wa-kokurasetai-tensai-tachi-no-renai-zunousen,8.7,12,TV Сериал,Комедия,7335 комментариев,
47,Мастер муси,https://shikimori.one/animes/457-mushishi,8.69,26,TV Сериал,Приключения,501 комментарий,С 23 октября 2005 г. по 19 июня 2006 г.
48,Тетрадь дружбы Нацумэ 4,https://shikimori.one/animes/11665-natsume-yuujinchou-shi,8.67,13,TV Сериал,Повседневность,100 комментариев,С 3 января 2012 г. по 27 марта 2012 г.
49,Первый шаг: Новый вызов,https://shikimori.one/animes/5258-hajime-no-ippo-new-challenger,8.67,26,TV Сериал,Комедия,56 комментариев,С 7 января 2009 г. по июль 2009 г.
50,Ходячий замок,https://shikimori.one/animes/431-howl-no-ugoku-shiro,8.67,1 час 59 мин.,Фильм,Приключения,624 комментария,
51,Завтрашний Джо 2,https://shikimori.one/animes/2921-ashita-no-joe-2,8.66,47,TV Сериал,Экшен,149 комментариев,С 13 октября 1980 г. по 31 августа 1981 г.
52,"Гуррен-Лаганн, пронзающий небеса",https://shikimori.one/animes/z2001-tengen-toppa-gurren-lagann,8.66,27,TV Сериал,Экшен,2068 комментариев,С апрель 2007 г. по 30 сентября 2007 г.
53,Этот глупый свин не понимает мечту девочки-зайки. Фильм,https://shikimori.one/animes/z38329-seishun-buta-yarou-wa-yumemiru-shoujo-no-yume-wo-minai,8.66,1 час 30 мин.,Фильм,Сверхъестественное,796 комментариев,
54,Тетрадь дружбы Нацумэ 6,https://shikimori.one/animes/34591-natsume-yuujinchou-roku,8.65,11,TV Сериал,Повседневность,320 комментариев,С 12 апреля 2017 г. по 21 июня 2017 г.
55,Исчезновение Харухи Судзумии,https://shikimori.one/animes/7311-suzumiya-haruhi-no-shoushitsu,8.65,2 часа 42 мин.,Фильм,Комедия,686 комментариев,
56,Вайолет Эвергарден,https://shikimori.one/animes/33352-violet-evergarden,8.64,13,TV Сериал,Повседневность,3788 комментариев,С 11 января 2018 г. по 5 апреля 2018 г.
57,Волчьи дети Амэ и Юки,https://shikimori.one/animes/12355-ookami-kodomo-no-ame-to-yuki,8.63,1 час 57 мин.,Фильм,Фэнтези,299 комментариев,
58,Пинг-понг,https://shikimori.one/animes/z22135-ping-pong-the-animation,8.63,11,TV Сериал,Драма,444 комментария,С 11 апреля 2014 г. по 20 июня 2014 г.
59,Атака титанов 3,https://shikimori.one/animes/35760-shingeki-no-kyojin-season-3,8.63,12,TV Сериал,Экшен,4370 комментариев,С 23 июля 2018 г. по 15 октября 2018 г.
60,"Для тебя, Бессмертный",https://shikimori.one/animes/41025-fumetsu-no-anata-e,8.63,8 / 20,TV Сериал,Приключения,926 комментариев,
61,Тетрадь смерти,https://shikimori.one/animes/z1535-death-note,8.63,37,TV Сериал,Детектив,3518 комментариев,С 4 октября 2006 г. по 27 июня 2007 г.
62,Мастер муси: Следующая глава — Капли колокольчиков,https://shikimori.one/animes/28957-mushishi-zoku-shou-suzu-no-shizuku,8.63,47 мин.,Фильм,Приключения,68 комментариев,
63,Истории ран. Часть 2: Горячая кровь,https://shikimori.one/animes/z31757-kizumonogatari-ii-nekketsu-hen,8.61,1 час 4 мин.,Фильм,Экшен,344 комментария,
64,Обещанный Неверленд,https://shikimori.one/animes/z37779-yakusoku-no-neverland,8.61,12,TV Сериал,Фантастика,1958 комментариев,С 10 января 2019 г. по 29 марта 2019 г.
65,Сёва-Гэнроку: Двойное самоубийство по ракуго,https://shikimori.one/animes/28735-shouwa-genroku-rakugo-shinjuu,8.6,13,TV Сериал,Драма,573 комментария,С 9 января 2016 г. по 2 апреля 2016 г.
66,Сказ о четырёх с половиной татами,https://shikimori.one/animes/7785-yojouhan-shinwa-taikei,8.6,11,TV Сериал,Детектив,306 комментариев,С 23 апреля 2010 г. по 2 июля 2010 г.
67,Re:Zero. Жизнь с нуля в альтернативном мире 2. Часть 2,https://shikimori.one/animes/42203-re-zero-kara-hajimeru-isekai-seikatsu-2nd-season-part-2,8.59,12,TV Сериал,Драма,4869 комментариев,
68,Судьба/Ночь схватки: Прикосновение небес 2,https://shikimori.one/animes/z33049-fate-stay-night-movie-heaven-s-feel-ii-lost-butterfly,8.59,1 час 57 мин.,Фильм,Экшен,752 комментария,
69,Судьба/Начало 2,https://shikimori.one/animes/z11741-fate-zero-2nd-season,8.59,12,TV Сериал,Экшен,882 комментария,С 8 апреля 2012 г. по 24 июня 2012 г.
70,Первый шаг: Восхождение,https://shikimori.one/animes/19647-hajime-no-ippo-rising,8.59,25,TV Сериал,Комедия,137 комментариев,С 6 октября 2013 г. по 29 марта 2014 г.
71,Невероятное приключение ДжоДжо: Золотой ветер,https://shikimori.one/animes/37991-jojo-no-kimyou-na-bouken-part-5-ougon-no-kaze,8.59,39,TV Сериал,Экшен,5441 комментарий,С 6 октября 2018 г. по 28 июля 2019 г.
72,"Клинок, рассекающий демонов",https://shikimori.one/animes/z38000-kimetsu-no-yaiba,8.59,26,TV Сериал,Экшен,5249 комментариев,С 6 апреля 2019 г. по 28 сентября 2019 г.
73,Тетрадь дружбы Нацумэ 5,https://shikimori.one/animes/32983-natsume-yuujinchou-go,8.59,11,TV Сериал,Повседневность,227 комментариев,С 5 октября 2016 г. по 21 декабря 2016 г.
74,Я хочу съесть твою поджелудочную,https://shikimori.one/animes/z36098-kimi-no-suizou-wo-tabetai,8.59,1 час 48 мин.,Фильм,Повседневность,1170 комментариев,
75,Тетрадь дружбы Нацумэ 3,https://shikimori.one/animes/10379-natsume-yuujinchou-san,8.59,13,TV Сериал,Повседневность,78 комментариев,С 5 июля 2011 г. по 27 сентября 2011 г.
76,Бакуман 3,https://shikimori.one/animes/12365-bakuman-3rd-season,8.58,25,TV Сериал,Комедия,284 комментария,С 6 октября 2012 г. по 30 марта 2013 г.
77,"Мастер муси: Тень, поглотившая Солнце",https://shikimori.one/animes/21329-mushishi-hihamukage,8.57,45 мин.,Спешл,Приключения,44 комментария,
78,Гуррен-Лаганн: Звёздный свет,https://shikimori.one/animes/z4565-tengen-toppa-gurren-lagann-movie-2-lagann-hen,8.57,2 часа 5 мин.,Фильм,Экшен,47 комментариев,
79,Тетрадь дружбы Нацумэ 2,https://shikimori.one/animes/5300-zoku-natsume-yuujinchou,8.57,13,TV Сериал,Повседневность,74 комментария,С 6 января 2009 г. по 31 марта 2009 г.
80,Ванпанчмен,https://shikimori.one/animes/z30276-one-punch-man,8.56,12,TV Сериал,Экшен,3380 комментариев,С 5 октября 2015 г. по 21 декабря 2015 г.
81,"Дальше, чем космос",https://shikimori.one/animes/35839-sora-yori-mo-tooi-basho,8.56,13,TV Сериал,Приключения,324 комментария,С 2 января 2018 г. по 27 марта 2018 г.
82,Лагерь на свежем воздухе 2,https://shikimori.one/animes/38474-yuru-camp-season-2,8.56,13,TV Сериал,Повседневность,265 комментариев,
83,Ван-Пис,https://shikimori.one/animes/21-one-piece,8.55,977 / ?,TV Сериал,Экшен,11280 комментариев,
84,Граница пустоты 5: Спираль парадокса,https://shikimori.one/animes/4282-kara-no-kyoukai-5-mujun-rasen,8.56,1 час 54 мин.,Фильм,Экшен,112 комментариев,
85,Корзинка фруктов 2,https://shikimori.one/animes/40417-fruits-basket-2nd-season,8.55,25,TV Сериал,Повседневность,481 комментарий,
86,Волейбол!! К вершине 2,https://shikimori.one/animes/40776-haikyuu-to-the-top-2nd-season,8.55,12,TV Сериал,Комедия,497 комментариев,
87,Призрак в доспехах: Синдром одиночки 2,https://shikimori.one/animes/801-koukaku-kidoutai-stand-alone-complex-2nd-gig,8.54,26,TV Сериал,Экшен,82 комментария,С 2004 г. по 8 января 2005 г.
88,Класс убийц 2,https://shikimori.one/animes/z30654-ansatsu-kyoushitsu-2nd-season,8.53,25,TV Сериал,Экшен,465 комментариев,С 8 января 2016 г. по июль 2016 г.
89,Ария: Происхождение,https://shikimori.one/animes/3297-aria-the-origination,8.53,13,TV Сериал,Фантастика,77 комментариев,С 8 января 2008 г. по апрель 2008 г.
90,Гинтама 6,https://shikimori.one/animes/z35843-gintama-porori-hen,8.53,13,TV Сериал,Экшен,305 комментариев,С 2 октября 2017 г. по 25 декабря 2017 г.
91,Слэм-данк,https://shikimori.one/animes/z170-slam-dunk,8.53,101,TV Сериал,Комедия,99 комментариев,С 16 октября 1993 г. по 23 марта 1996 г.
92,Граффити Холо,https://shikimori.one/animes/44042-holo-no-graffiti,8.52,1 мин.,ONA,Комедия,231 комментарий,
93,Евангелион нового поколения: Конец Евангелиона,https://shikimori.one/animes/32-neon-genesis-evangelion-the-end-of-evangelion,8.52,1 час 27 мин.,Фильм,Фантастика,852 комментария,
94,Космические братья,https://shikimori.one/animes/12431-uchuu-kyoudai,8.52,99,TV Сериал,Комедия,166 комментариев,С апрель 2012 г. по 22 марта 2014 г.
95,Виви: Песнь флюоритового глаза,https://shikimori.one/animes/46095-vivy-fluorite-eye-s-song,8.52,11 / 13,TV Сериал,Экшен,1112 комментариев,
96,Гинтама: Сказание о Бэнидзакуре,https://shikimori.one/animes/z7472-gintama-movie-1-shinyaku-benizakura-hen,8.52,1 час 35 мин.,Фильм,Экшен,28 комментариев,
97,Волейбол!!,https://shikimori.one/animes/z20583-haikyuu,8.52,25,TV Сериал,Комедия,737 комментариев,С 6 апреля 2014 г. по 21 сентября 2014 г.
98,Могила светлячков,https://shikimori.one/animes/x578-hotaru-no-haka,8.51,1 час 28 мин.,Фильм,Драма,325 комментариев,
99,Гинтама: Полуфинал,https://shikimori.one/animes/44087-gintama-the-semi-final,8.51,2,Спешл,Экшен,66 комментариев,С 15 января 2021 г. по 20 января 2021 г.
100,Радуга: Семеро из шестой камеры второго блока,https://shikimori.one/animes/6114-rainbow-nisha-rokubou-no-shichinin,8.51,26,TV Сериал,Драма,754 комментария,С 7 апреля 2010 г. по 29 сентября 2010 г.
101,Врата Штейна 0,https://shikimori.one/animes/z30484-steins-gate-0,8.51,23,TV Сериал,Фантастика,6116 комментариев,С 12 апреля 2018 г. по 27 сентября 2018 г.
102,Яркая Тихая 3,https://shikimori.one/animes/z37379-chihayafuru-3,8.5,24,TV Сериал,Игры,325 комментариев,С 23 октября 2019 г. по 25 марта 2020 г.
103,Самурай Чамплу,https://shikimori.one/animes/205-samurai-champloo,8.5,26,TV Сериал,Экшен,789 комментариев,С 20 мая 2004 г. по 19 марта 2005 г.
104,Невероятное приключение ДжоДжо: Несокрушимый алмаз,https://shikimori.one/animes/31933-jojo-no-kimyou-na-bouken-part-4-diamond-wa-kudakenai,8.5,39,TV Сериал,Экшен,2021 комментарий,С 2 апреля 2016 г. по 24 декабря 2016 г.
105,Этот замечательный мир! Багровая легенда,https://shikimori.one/animes/z38040-kono-subarashii-sekai-ni-shukufuku-wo-kurenai-densetsu,8.5,1 час 30 мин.,Фильм,Приключения,827 комментариев,
106,Берсерк,https://shikimori.one/animes/33-kenpuu-denki-berserk,8.49,25,TV Сериал,Экшен,1168 комментариев,С 8 октября 1997 г. по апрель 1998 г.
107,Благословение небожителей: Спецвыпуск,https://shikimori.one/animes/44070-tian-guan-ci-fu-special,8.5,22 мин.,ONA,Исторический,57 комментариев,
108,Атака титанов,https://shikimori.one/animes/16498-shingeki-no-kyojin,8.49,25,TV Сериал,Экшен,9125 комментариев,С 7 апреля 2013 г. по 29 сентября 2013 г.
109,Врата Штейна: Зона загрузки дежавю,https://shikimori.one/animes/z11577-steins-gate-movie-fuka-ryouiki-no-dej-vu,8.49,1 час 30 мин.,Фильм,Фантастика,517 комментариев,
110,Банановая рыба,https://shikimori.one/animes/36649-banana-fish,8.49,24,TV Сериал,Экшен,3127 комментариев,С 6 июля 2018 г. по 21 декабря 2018 г.
111,Идеальная грусть,https://shikimori.one/animes/437-perfect-blue,8.49,1 час 21 мин.,Фильм,Безумие,339 комментариев,
112,Магистр дьявольского культа,https://shikimori.one/animes/37208-mo-dao-zu-shi,8.49,15,ONA,Экшен,723 комментария,
113,Моб Психо 100,https://shikimori.one/animes/z32182-mob-psycho-100,8.48,12,TV Сериал,Экшен,955 комментариев,С 11 июля 2016 г. по 27 сентября 2016 г.
114,Мелочи жизни,https://shikimori.one/animes/10165-nichijou,8.47,26,TV Сериал,Повседневность,352 комментария,С 3 апреля 2011 г. по 25 сентября 2011 г.
115,История финала: Продолжение,https://shikimori.one/animes/z36999-zoku-owarimonogatari,8.48,6,Фильм,Детектив,837 комментариев,
116,Ох уж этот экстрасенс Сайки Кусуо! 2,https://shikimori.one/animes/34612-saiki-kusuo-no-nan-2,8.47,24,TV Сериал,Повседневность,431 комментарий,С 17 января 2018 г. по 27 июня 2018 г.
117,Нана,https://shikimori.one/animes/877-nana,8.46,47,TV Сериал,Музыка,1118 комментариев,С 5 апреля 2006 г. по 28 марта 2007 г.
118,История финала,https://shikimori.one/animes/z31181-owarimonogatari,8.46,12,TV Сериал,Детектив,624 комментария,С 4 октября 2015 г. по 20 декабря 2015 г.
119,Как воспитать героиню из обычной девушки: Финал,https://shikimori.one/animes/36885-saenai-heroine-no-sodatekata-fine,8.47,1 час 54 мин.,Фильм,Гарем,298 комментариев,
120,Атака титанов 2,https://shikimori.one/animes/25777-shingeki-no-kyojin-season-2,8.46,12,TV Сериал,Экшен,4595 комментариев,С апрель 2017 г. по 17 июня 2017 г.
121,Мастер муси: Следующая глава — Тернистый путь,https://shikimori.one/animes/24687-mushishi-zoku-shou-odoro-no-michi,8.46,47 мин.,Спешл,Приключения,19 комментариев,
122,Re:Zero. Жизнь с нуля в альтернативном мире 2,https://shikimori.one/animes/z39587-re-zero-kara-hajimeru-isekai-seikatsu-2nd-season,8.45,13,TV Сериал,Психологическое,8065 комментариев,
123,Мэйджор 5,https://shikimori.one/animes/5028-major-s5,8.45,25,TV Сериал,Комедия,20 комментариев,С 10 января 2009 г. по 27 июня 2009 г.
124,Девочка-волшебница Мадока★Волшебный фильм 3: История восстания,https://shikimori.one/animes/11981-mahou-shoujo-madoka-magica-movie-3-hangyaku-no-monogatari,8.45,1 час 56 мин.,Фильм,Детектив,444 комментария,
125,Золотое божество 3,https://shikimori.one/animes/40059-golden-kamuy-3rd-season,8.45,12,TV Сериал,Экшен,491 комментарий,
126,Отчёт о буйстве духов,https://shikimori.one/animes/392-yuu-yuu-hakusho,8.45,112,TV Сериал,Экшен,581 комментарий,С 10 октября 1992 г. по 7 января 1995 г.
127,Ох уж этот экстрасенс Сайки Кусуо!,https://shikimori.one/animes/33255-saiki-kusuo-no-nan,8.44,120,TV Сериал,Комедия,457 комментариев,С 4 июля 2016 г. по 26 декабря 2016 г.
128,Гинтама: Лучшее из «Гинтамы» на Theater 2D,https://shikimori.one/animes/21899-gintama-yorinuki-gintama-san-on-theater-2d,8.44,2,Фильм,Экшен,31 комментарий,
129,Магистр дьявольского культа 2,https://shikimori.one/animes/38450-mo-dao-zu-shi-2nd-season,8.44,8,ONA,Экшен,434 комментария,
130,Невероятное приключение ДжоДжо: Рыцари звёздной пыли 2,https://shikimori.one/animes/26055-jojo-no-kimyou-na-bouken-part-3-stardust-crusaders-2nd-season,8.44,24,TV Сериал,Экшен,622 комментария,С 10 января 2015 г. по 20 июня 2015 г.
131,Укрась прощальное утро цветами обещания,https://shikimori.one/animes/35851-sayonara-no-asa-ni-yakusoku-no-hana-wo-kazarou,8.44,1 час 55 мин.,Фильм,Драма,926 комментариев,
132,Призрак в доспехах: Синдром одиночки,https://shikimori.one/animes/467-koukaku-kidoutai-stand-alone-complex,8.44,26,TV Сериал,Экшен,430 комментариев,С октябрь 2002 г. по октябрь 2003 г.
133,"Как и ожидалось, моя школьная романтическая жизнь не удалась 3",https://shikimori.one/animes/39547-yahari-ore-no-seishun-love-comedy-wa-machigatteiru-kan,8.43,12,TV Сериал,Повседневность,2689 комментариев,
134,Перекрёстная игра,https://shikimori.one/animes/5941-cross-game,8.43,50,TV Сериал,Комедия,70 комментариев,С 5 апреля 2009 г. по 28 марта 2010 г.
135,Граница пустоты 7: Теория убийства — Часть 2,https://shikimori.one/animes/5205-kara-no-kyoukai-7-satsujin-kousatsu-go,8.43,2 часа 1 мин.,Фильм,Экшен,107 комментариев,
136,Почувствуй ветер,https://shikimori.one/animes/37965-kaze-ga-tsuyoku-fuiteiru,8.43,23,TV Сериал,Комедия,451 комментарий,С 3 октября 2018 г. по 27 марта 2019 г.
137,Мононокэ,https://shikimori.one/animes/2246-mononoke,8.43,12,TV Сериал,Детектив,177 комментариев,С 13 июля 2007 г. по 28 сентября 2007 г.
138,Мартовский лев,https://shikimori.one/animes/31646-3-gatsu-no-lion,8.42,22,TV Сериал,Драма,596 комментариев,С 8 октября 2016 г. по 18 марта 2017 г.
139,Яркая Тихая 2,https://shikimori.one/animes/z14397-chihayafuru-2,8.42,25,TV Сериал,Драма,239 комментариев,С 12 января 2013 г. по 29 июня 2013 г.
140,Задержи этот звук! 2,https://shikimori.one/animes/38889-kono-oto-tomare-2nd-season,8.42,13,TV Сериал,Драма,170 комментариев,С 6 октября 2019 г. по 29 декабря 2019 г.
141,Брошенный кролик,https://shikimori.one/animes/10162-usagi-drop,8.42,11,TV Сериал,Повседневность,757 комментариев,С 8 июля 2011 г. по 16 сентября 2011 г.
142,Боевой континент 5,https://shikimori.one/animes/42498-douluo-dalu-xiaowu-juebie,8.41,13,ONA,Экшен,104 комментария,С 23 мая 2020 г. по 15 августа 2020 г.
143,Необъятный океан,https://shikimori.one/animes/37105-grand-blue,8.41,12,TV Сериал,Повседневность,773 комментария,С 14 июля 2018 г. по 29 сентября 2018 г.
144,Невиданный цветок,https://shikimori.one/animes/9989-ano-hi-mita-hana-no-namae-wo-bokutachi-wa-mada-shiranai,8.41,11,TV Сериал,Повседневность,677 комментариев,С 15 апреля 2011 г. по 24 июня 2011 г.
145,Страна самоцветов,https://shikimori.one/animes/35557-houseki-no-kuni-tv,8.41,12,TV Сериал,Экшен,511 комментариев,С 7 октября 2017 г. по 23 декабря 2017 г.
146,Шумиха!,https://shikimori.one/animes/z2251-baccano,8.41,13,TV Сериал,Экшен,478 комментариев,С 27 июля 2007 г. по 2 ноября 2007 г.
147,Баракамон,https://shikimori.one/animes/22789-barakamon,8.41,12,TV Сериал,Комедия,681 комментарий,С 6 июля 2014 г. по 28 сентября 2014 г.
148,Гинтама 4: Любовные благовония,https://shikimori.one/animes/32366-gintama-aizome-kaori-hen,8.41,2,OVA,Комедия,79 комментариев,
149,Госпожа Кагуя: в любви как на войне,https://shikimori.one/animes/37999-kaguya-sama-wa-kokurasetai-tensai-tachi-no-renai-zunousen,8.41,12,TV Сериал,Комедия,2011 комментариев,С 12 января 2019 г. по 30 марта 2019 г.
150,Тетрадь дружбы Нацумэ: Эфемерная связь,https://shikimori.one/animes/36538-natsume-yuujinchou-movie-utsusemi-ni-musubu,8.41,1 час 44 мин.,Фильм,Демоны,147 комментариев,
151,Охотник х Охотник,https://shikimori.one/animes/z136-hunter-x-hunter,8.41,62,TV Сериал,Экшен,361 комментарий,С 16 октября 1999 г. по 31 марта 2001 г.
152,Реинкарнация безработного: История о приключениях в другом мире,https://shikimori.one/animes/39535-mushoku-tensei-isekai-ittara-honki-dasu,8.4,11,TV Сериал,Драма,9206 комментариев,
153,Навсикая из Долины ветров,https://shikimori.one/animes/572-kaze-no-tani-no-nausicaa,8.4,1 час 57 мин.,Фильм,Приключения,322 комментария,
154,Тетрадь дружбы Нацумэ 6: Спецвыпуски,https://shikimori.one/animes/36275-natsume-yuujinchou-roku-specials,8.4,2,Спешл,Повседневность,51 комментарий,
155,Истории ран. Часть 1: Железная кровь,https://shikimori.one/animes/z9260-kizumonogatari-i-tekketsu-hen,8.4,1 час 4 мин.,Фильм,Вампиры,953 комментария,
156,Деревенская глубинка 3,https://shikimori.one/animes/39808-non-non-biyori-nonstop,8.4,12,TV Сериал,Повседневность,319 комментариев,
157,Вайолет Эвергарден: Вечность и призрак пера,https://shikimori.one/animes/39741-violet-evergarden-gaiden-eien-to-jidou-shuki-ningyou,8.4,1 час 31 мин.,Фильм,Повседневность,328 комментариев,
158,"Жозе, тигр и рыба",https://shikimori.one/animes/40787-josee-to-tora-to-sakana-tachi,8.4,1 час 38 мин.,Фильм,Повседневность,172 комментария,
159,Атака титанов: Выбор без сожалений,https://shikimori.one/animes/25781-shingeki-no-kyojin-kuinaki-sentaku,8.39,2,OVA,Экшен,346 комментариев,
160,Бакуман 2,https://shikimori.one/animes/10030-bakuman-2nd-season,8.39,25,TV Сериал,Комедия,229 комментариев,С октябрь 2011 г. по 24 марта 2012 г.
161,Ковбой Бибоп: Достучаться до небес,https://shikimori.one/animes/5-cowboy-bebop-tengoku-no-tobira,8.39,1 час 55 мин.,Фильм,Экшен,144 комментария,
162,Хеллсинг OVA,https://shikimori.one/animes/777-hellsing-ultimate,8.39,10,OVA,Экшен,613 комментариев,
163,Паразит: Учение о жизни,https://shikimori.one/animes/22535-kiseijuu-sei-no-kakuritsu,8.39,24,TV Сериал,Экшен,2703 комментария,С 9 октября 2014 г. по 26 марта 2015 г.
164,Девочка-волшебница Мадока★Волшебный фильм 2:  История вечности,https://shikimori.one/animes/11979-mahou-shoujo-madoka-magica-movie-2-eien-no-monogatari,8.39,1 час 49 мин.,Фильм,Драма,87 комментариев,
165,Легенда о Ло Сяохэе,https://shikimori.one/animes/40211-luo-xiao-hei-zhan-ji-movie,8.39,1 час 41 мин.,Фильм,Приключения,17 комментариев,
166,О моём перерождении в слизь 2,https://shikimori.one/animes/39551-tensei-shitara-slime-datta-ken-2nd-season,8.39,12,TV Сериал,Экшен,1330 комментариев,
167,Царство 2,https://shikimori.one/animes/17389-kingdom-2nd-season,8.38,39,TV Сериал,Экшен,164 комментария,С 8 июня 2013 г. по 2 марта 2014 г.
168,Психопаспорт,https://shikimori.one/animes/z13601-psycho-pass,8.38,22,TV Сериал,Экшен,1298 комментариев,С 12 октября 2012 г. по 22 марта 2013 г.
169,Космический линкор Ямато 2199,https://shikimori.one/animes/12029-uchuu-senkan-yamato-2199,8.37,26,OVA,Экшен,359 комментариев,
170,"В лес, где мерцают светлячки",https://shikimori.one/animes/10408-hotarubi-no-mori-e,8.37,45 мин.,Фильм,Драма,790 комментариев,
171,Царство 3,https://shikimori.one/animes/40682-kingdom-3rd-season,8.37,9 / 26,TV Сериал,Экшен,343 комментария,
172,"Очень приятно, Бог 2 OVA",https://shikimori.one/animes/z30709-kamisama-hajimemashita-kako-hen,8.37,4,OVA,Комедия,181 комментарий,
173,Агент времени,https://shikimori.one/animes/44074-shiguang-daili-ren,8.37,6 / 11,ONA,Супер сила,222 комментария,
174,Девочка-волшебница Мадока★Волшебство,https://shikimori.one/animes/9756-mahou-shoujo-madoka-magica,8.37,12,TV Сериал,Психологическое,1815 комментариев,С 7 января 2011 г. по 22 апреля 2011 г.
175,Дитя погоды,https://shikimori.one/animes/38826-tenki-no-ko,8.37,1 час 52 мин.,Фильм,Повседневность,1729 комментариев,
176,Мэйджор 6,https://shikimori.one/animes/7655-major-s6,8.37,25,TV Сериал,Комедия,26 комментариев,С 3 апреля 2010 г. по 25 сентября 2010 г.
177,Благословение небожителей,https://shikimori.one/animes/40730-tian-guan-ci-fu,8.36,11,ONA,Экшен,740 комментариев,С 31 октября 2020 г. по 2 января 2021 г.
178,Истории монстров,https://shikimori.one/animes/y5081-bakemonogatari,8.36,15,TV Сериал,Романтика,4436 комментариев,С 3 июля 2009 г. по 25 июня 2010 г.
179,"Город, в котором меня нет",https://shikimori.one/animes/z31043-boku-dake-ga-inai-machi,8.36,12,TV Сериал,Детектив,2720 комментариев,С 8 января 2016 г. по 25 марта 2016 г.
180,Волейбол!! К вершине,https://shikimori.one/animes/z38883-haikyuu-to-the-top,8.36,13,TV Сериал,Комедия,584 комментария,
181,Истории мечей,https://shikimori.one/animes/6594-katanagatari,8.36,12,TV Сериал,Экшен,447 комментариев,С 26 января 2010 г. по 11 декабря 2010 г.
182,Волчица и пряности II,https://shikimori.one/animes/5341-ookami-to-koushinryou-ii,8.36,12,TV Сериал,Приключения,525 комментариев,С 9 июля 2009 г. по 24 сентября 2009 г.
183,Тетрадь дружбы Нацумэ: Однажды зимним днём,https://shikimori.one/animes/20651-natsume-yuujinchou-itsuka-yuki-no-hi-ni,8.35,23 мин.,OVA,Повседневность,49 комментариев,
184,Один на вылет,https://shikimori.one/animes/5040-one-outs,8.35,25,TV Сериал,Спорт,267 комментариев,С 8 октября 2008 г. по апрель 2009 г.
185,Голубые небеса Ромео,https://shikimori.one/animes/2559-romeo-no-aoi-sora,8.35,33,TV Сериал,Приключения,51 комментарий,С 15 января 1995 г. по 17 декабря 1995 г.
186,Дети на холме,https://shikimori.one/animes/z12531-sakamichi-no-apollon,8.35,12,TV Сериал,Драма,352 комментария,С 13 апреля 2012 г. по 29 июня 2012 г.
187,Из нового света,https://shikimori.one/animes/z13125-shinsekai-yori,8.35,25,TV Сериал,Драма,1903 комментария,С 29 сентября 2012 г. по 23 марта 2013 г.
188,Белый ящик,https://shikimori.one/animes/z25835-shirobako,8.35,24,TV Сериал,Комедия,470 комментариев,С 9 октября 2014 г. по 26 марта 2015 г.
189,Заклинательница зверей Эрин,https://shikimori.one/animes/5420-kemono-no-souja-erin,8.35,50,TV Сериал,Драма,121 комментарий,С 10 января 2009 г. по 26 декабря 2009 г.
190,Мэйджор: Мировая серия,https://shikimori.one/animes/11917-major-world-series,8.35,2,OVA,Комедия,45 комментариев,
191,Этот глупый свин не понимает мечту девочки-зайки,https://shikimori.one/animes/z37450-seishun-buta-yarou-wa-bunny-girl-senpai-no-yume-wo-minai,8.34,13,TV Сериал,Комедия,2943 комментария,С 4 октября 2018 г. по 27 декабря 2018 г.
192,Мобильный воин Гандам: Происхождение,https://shikimori.one/animes/z10937-mobile-suit-gundam-the-origin,8.35,6,OVA,Экшен,148 комментариев,
193,Евангелион 2.22: Ты (не) пройдёшь,https://shikimori.one/animes/3784-evangelion-2-0-you-can-not-advance,8.34,1 час 52 мин.,Фильм,Экшен,269 комментариев,
194,Гинтама: Рождение Белого Демона,https://shikimori.one/animes/z6945-gintama-shiroyasha-koutan,8.34,10 мин.,Спешл,Экшен,38 комментариев,
195,Дарованный,https://shikimori.one/animes/39533-given,8.34,11,TV Сериал,Драма,418 комментариев,С 12 июля 2019 г. по 20 сентября 2019 г.
196,Врата Штейна: Эгоистичная пориомания,https://shikimori.one/animes/z10863-steins-gate-oukoubakko-no-poriomania,8.34,24 мин.,Спешл,Фантастика,105 комментариев,
197,Созданный в Бездне: Блуждающие сумерки,https://shikimori.one/animes/37515-made-in-abyss-movie-2-hourou-suru-tasogare,8.34,1 час 45 мин.,Фильм,Фантастика,43 комментария,
198,Тетрадь дружбы Нацумэ 5: Спецвыпуски,https://shikimori.one/animes/34534-natsume-yuujinchou-go-specials,8.33,2,Спешл,Повседневность,36 комментариев,
199,Добро пожаловать в NHK,https://shikimori.one/animes/1210-nhk-ni-youkoso,8.33,24,TV Сериал,Комедия,1105 комментариев,С 10 июля 2006 г. по 18 декабря 2006 г.
200,Тетрадь дружбы Нацумэ,https://shikimori.one/animes/4081-natsume-yuujinchou,8.33,13,TV Сериал,Повседневность,341 комментарий,С 8 июля 2008 г. по 30 сентября 2008 г.
201,Великий притворщик,https://shikimori.one/animes/40052-great-pretender,8.33,23,TV Сериал,Экшен,564 комментария,
202,Роза Версаля,https://shikimori.one/animes/z338-versailles-no-bara,8.33,40,TV Сериал,Военное,73 комментария,С 10 октября 1979 г. по 3 сентября 1980 г.
203,Судьба/Ночь схватки: Бесконечный мир клинков 2,https://shikimori.one/animes/z28701-fate-stay-night-unlimited-blade-works-2nd-season,8.33,13,TV Сериал,Экшен,1640 комментариев,С 5 апреля 2015 г. по 28 июня 2015 г.
204,Судьба/Начало,https://shikimori.one/animes/z10087-fate-zero,8.33,13,TV Сериал,Экшен,1577 комментариев,С 2 октября 2011 г. по 25 декабря 2011 г.
205,Охотник х Охотник OVA,https://shikimori.one/animes/z137-hunter-x-hunter-original-video-animation,8.33,8,OVA,Экшен,9 комментариев,
206,Кэйон в кино!,https://shikimori.one/animes/9617-eiga-k-on,8.33,1 час 50 мин.,Фильм,Музыка,97 комментариев,
207,Путешествие Кино: Прекрасный мир,https://shikimori.one/animes/z486-kino-no-tabi-the-beautiful-world,8.33,13,TV Сериал,Экшен,197 комментариев,С 8 апреля 2003 г. по 8 июля 2003 г.
208,Баскетбол Куроко 3,https://shikimori.one/animes/24415-kuroko-no-basket-3rd-season,8.33,25,TV Сериал,Комедия,682 комментария,С 11 января 2015 г. по 30 июня 2015 г.
209,Ученик чудовища,https://shikimori.one/animes/x28805-bakemono-no-ko,8.32,1 час 59 мин.,Фильм,Приключения,252 комментария,
210,Путь аса 2,https://shikimori.one/animes/z30230-diamond-no-ace-second-season,8.32,51,TV Сериал,Комедия,88 комментариев,С 6 апреля 2015 г. по 28 марта 2016 г.
211,Доктор Стоун,https://shikimori.one/animes/z38691-dr-stone,8.32,24,TV Сериал,Фантастика,1505 комментариев,С 5 июля 2019 г. по 13 декабря 2019 г.
212,Одноклассник,https://shikimori.one/animes/30346-doukyuusei-movie,8.32,1 час,Фильм,Повседневность,272 комментария,
213,Евангелион нового поколения,https://shikimori.one/animes/30-neon-genesis-evangelion,8.32,26,TV Сериал,Экшен,5825 комментариев,С 4 октября 1995 г. по 27 марта 1996 г.
214,Нодамэ Кантабиле,https://shikimori.one/animes/1698-nodame-cantabile,8.32,23,TV Сериал,Музыка,308 комментариев,С 12 января 2007 г. по 15 июня 2007 г.
215,Бродяга Кэнсин,https://shikimori.one/animes/z45-rurouni-kenshin-meiji-kenkaku-romantan,8.31,94,TV Сериал,Экшен,298 комментариев,С 10 января 1996 г. по 8 сентября 1998 г.
216,Нет игры — нет жизни: Начало,https://shikimori.one/animes/z33674-no-game-no-life-zero,8.31,1 час 46 мин.,Фильм,Игры,1288 комментариев,
217,Меч чужака,https://shikimori.one/animes/2418-stranger-mukou-hadan,8.31,1 час 43 мин.,Фильм,Экшен,109 комментариев,
218,Хроника крыльев: Откровения Токио,https://shikimori.one/animes/2685-tsubasa-tokyo-revelations,8.31,3,OVA,Экшен,13 комментариев,
219,Бек,https://shikimori.one/animes/57-beck,8.31,26,TV Сериал,Комедия,397 комментариев,С 7 октября 2004 г. по 31 марта 2005 г.
220,Моя геройская академия 2,https://shikimori.one/animes/33486-boku-no-hero-academia-2nd-season,8.31,25,TV Сериал,Экшен,797 комментариев,С апрель 2017 г. по 30 сентября 2017 г.
221,Детектив Конан: Призрак с Бейкер-Стрит,https://shikimori.one/animes/1365-detective-conan-movie-06-the-phantom-of-baker-street,8.31,1 час 47 мин.,Фильм,Приключения,9 комментариев,
222,"Вайолет Эвергарден: День, когда ты поймёшь, что я люблю тебя, обязательно наступит",https://shikimori.one/animes/37095-violet-evergarden-kitto-ai-wo-shiru-hi-ga-kuru-no-darou,8.31,34 мин.,Спешл,Повседневность,121 комментарий,
223,Этот замечательный мир! 2,https://shikimori.one/animes/y32937-kono-subarashii-sekai-ni-shukufuku-wo-2,8.31,10,TV Сериал,Приключения,1128 комментариев,С 12 января 2017 г. по 16 марта 2017 г.
224,Странники,https://shikimori.one/animes/329-planetes,8.3,26,TV Сериал,Драма,384 комментария,С 4 октября 2003 г. по 17 апреля 2004 г.
225,Патриотизм Мориарти 2,https://shikimori.one/animes/43325-yuukoku-no-moriarty-2nd-season,8.3,10 / 13,TV Сериал,Исторический,362 комментария,
226,Небесный замок Лапута,https://shikimori.one/animes/513-tenkuu-no-shiro-laputa,8.3,2 часа 5 мин.,Фильм,Приключения,108 комментариев,
227,Мой сосед Тоторо,https://shikimori.one/animes/z523-tonari-no-totoro,8.3,1 час 26 мин.,Фильм,Приключения,245 комментариев,
228,Красная черта,https://shikimori.one/animes/6675-redline,8.29,1 час 42 мин.,Фильм,Экшен,229 комментариев,
229,Однажды в Токио,https://shikimori.one/animes/759-tokyo-godfathers,8.29,1 час 32 мин.,Фильм,Комедия,103 комментария,
230,Серебряная ложка 2,https://shikimori.one/animes/19363-gin-no-saji-2nd-season,8.29,11,TV Сериал,Комедия,93 комментария,С 10 января 2014 г. по 28 марта 2014 г.
231,Аватар короля: Специальные выпуски,https://shikimori.one/animes/37078-quanzhi-gaoshou-specials,8.29,3,ONA,Экшен,139 комментариев,
232,"Звучи, эуфониум! 2",https://shikimori.one/animes/31988-hibike-euphonium-2,8.29,13,TV Сериал,Музыка,659 комментариев,С 6 октября 2016 г. по 29 декабря 2016 г.
233,Призрак в доспехах,https://shikimori.one/animes/43-koukaku-kidoutai,8.29,1 час 22 мин.,Фильм,Экшен,552 комментария,
234,Завтрашний Джо,https://shikimori.one/animes/2402-ashita-no-joe,8.28,79,TV Сериал,Экшен,250 комментариев,С апрель 1970 г. по 29 сентября 1971 г.
235,Кайдзи,https://shikimori.one/animes/3002-gyakkyou-burai-kaiji-ultimate-survivor,8.28,26,TV Сериал,Игры,394 комментария,С 3 октября 2007 г. по 2 апреля 2008 г.
236,Первый шаг: Путь чемпиона,https://shikimori.one/animes/264-hajime-no-ippo-champion-road,8.28,1 час 30 мин.,Спешл,Комедия,11 комментариев,
237,Мегалобокс 2,https://shikimori.one/animes/z40729-nomad-megalo-box-2,8.28,10 / 13,TV Сериал,Экшен,185 комментариев,
238,Охотник х Охотник: Остров Жадности — Финал,https://shikimori.one/animes/z139-hunter-x-hunter-greed-island-final,8.28,14,OVA,Экшен,10 комментариев,
239,Инициал Ди: Стадия первая,https://shikimori.one/animes/z185-initial-d-first-stage,8.28,26,TV Сериал,Экшен,227 комментариев,С 19 апреля 1998 г. по 6 декабря 1998 г.
240,"Останься со мной, Дораэмон! 2",https://shikimori.one/animes/40853-stand-by-me-doraemon-2,8.28,1 час 35 мин.,Фильм,Комедия,6 комментариев,
241,Re:Zero. Жизнь с нуля в альтернативном мире,https://shikimori.one/animes/z31240-re-zero-kara-hajimeru-isekai-seikatsu,8.28,25,TV Сериал,Психологическое,9776 комментариев,С 4 апреля 2016 г. по 19 сентября 2016 г.
242,Повар-боец Сома,https://shikimori.one/animes/28171-shokugeki-no-souma,8.28,24,TV Сериал,Этти,1560 комментариев,С 4 апреля 2015 г. по 26 сентября 2015 г.
243,Нодамэ Кантабиле: Финал,https://shikimori.one/animes/5690-nodame-cantabile-finale,8.27,11,TV Сериал,Комедия,41 комментарий,С 15 января 2010 г. по 26 марта 2010 г.
244,Волчица и пряности,https://shikimori.one/animes/2966-ookami-to-koushinryou,8.27,13,TV Сериал,Приключения,1110 комментариев,С 9 января 2008 г. по 26 марта 2008 г.
245,Актриса тысячелетия,https://shikimori.one/animes/z1033-sennen-joyuu,8.27,1 час 26 мин.,Фильм,Экшен,163 комментария,
246,"Как и ожидалось, моя школьная романтическая жизнь не удалась 2",https://shikimori.one/animes/23847-yahari-ore-no-seishun-love-comedy-wa-machigatteiru-zoku,8.27,13,TV Сериал,Повседневность,2988 комментариев,С 3 апреля 2015 г. по 26 июня 2015 г.
247,Лагерь на свежем воздухе,https://shikimori.one/animes/34798-yuru-camp,8.27,12,TV Сериал,Повседневность,331 комментарий,С 4 января 2018 г. по 22 марта 2018 г.
248,Повседневная жизнь старшеклассников,https://shikimori.one/animes/11843-danshi-koukousei-no-nichijou,8.27,12,TV Сериал,Повседневность,408 комментариев,С 10 января 2012 г. по 27 марта 2012 г.
249,Гинтама: Сказание о Бэнидзакуре — Дополнение,https://shikimori.one/animes/9735-gintama-shinyaku-benizakura-hen,8.27,11 мин.,Спешл,Экшен,2 комментария,
250,Баскетбол Куроко 2,https://shikimori.one/animes/16894-kuroko-no-basket-2nd-season,8.27,25,TV Сериал,Комедия,614 комментариев,С 6 октября 2013 г. по 30 марта 2014 г.
251,Маги: Королевство магии,https://shikimori.one/animes/z18115-magi-the-kingdom-of-magic,8.27,25,TV Сериал,Экшен,298 комментариев,С 6 октября 2013 г. по 30 марта 2014 г.
252,Военная хроника маленькой девочки. Фильм,https://shikimori.one/animes/37055-youjo-senki-movie,8.26,1 час 38 мин.,Фильм,Экшен,997 комментариев,
253,Мэйджор,https://shikimori.one/animes/627-major-s1,8.27,26,TV Сериал,Комедия,282 комментария,С 13 ноября 2004 г. по 21 мая 2005 г.
254,Мэйджор 3,https://shikimori.one/animes/1842-major-s3,8.27,26,TV Сериал,Драма,36 комментариев,С 6 января 2007 г. по 30 июня 2007 г.
255,Детектив Конан: Первый эпизод —  Уменьшившийся великий детектив,https://shikimori.one/animes/34036-detective-conan-episode-one-the-great-detective-turned-small,8.26,1 час 33 мин.,Спешл,Приключения,7 комментариев,
256,Боевой континент 6,https://shikimori.one/animes/42977-douluo-dalu-xingdou-xian-ji-pian,8.26,13,ONA,Экшен,None,С 22 августа 2020 г. по 14 ноября 2020 г.
257,Судьба/Ночь схватки: Прикосновение небес,https://shikimori.one/animes/z25537-fate-stay-night-movie-heaven-s-feel-i-presage-flower,8.26,2 часа,Фильм,Экшен,1512 комментариев,
258,Тёмный дворецкий: Глава об Атлантике,https://shikimori.one/animes/z31812-kuroshitsuji-movie-book-of-the-atlantic,8.26,1 час 40 мин.,Фильм,Экшен,369 комментариев,
259,Космический Денди 2,https://shikimori.one/animes/23327-space-dandy-2nd-season,8.26,13,TV Сериал,Космос,173 комментария,С 6 июля 2014 г. по 25 сентября 2014 г.
260,Врата Штейна: Найти недостающее звено — Деление на ноль,https://shikimori.one/animes/z32188-steins-gate-kyoukaimenjou-no-missing-link-divide-by-zero,8.26,24 мин.,Спешл,Фантастика,124 комментария,
261,Скет Данс,https://shikimori.one/animes/z9863-sket-dance,8.25,77,TV Сериал,Комедия,165 комментариев,С 7 апреля 2011 г. по 27 сентября 2012 г.
262,Кайдзи 2,https://shikimori.one/animes/10271-gyakkyou-burai-kaiji-hakairoku-hen,8.25,26,TV Сериал,Игры,193 комментария,С 6 апреля 2011 г. по 28 сентября 2011 г.
263,Хоримия,https://shikimori.one/animes/42897-horimiya,8.25,13,TV Сериал,Повседневность,1267 комментариев,
264,Мёд и клевер 2,https://shikimori.one/animes/1142-hachimitsu-to-clover-ii,8.25,12,TV Сериал,Драма,35 комментариев,С 30 июня 2006 г. по 15 сентября 2006 г.
265,Инициал Ди: Финальная стадия,https://shikimori.one/animes/22507-initial-d-final-stage,8.24,4,TV Сериал,Спорт,76 комментариев,С 16 мая 2014 г. по 22 июня 2014 г.
266,В этом уголке мира,https://shikimori.one/animes/15227-kono-sekai-no-katasumi-ni,8.24,2 часа 36 мин.,Фильм,Исторический,167 комментариев,
267,Мэйджор 2,https://shikimori.one/animes/558-major-s2,8.24,26,TV Сериал,Комедия,67 комментариев,С 10 декабря 2005 г. по 10 июня 2006 г.
268,Деревенская глубинка: Каникулы,https://shikimori.one/animes/36990-non-non-biyori-movie-vacation,8.24,1 час 11 мин.,Фильм,Повседневность,139 комментариев,
269,Триплексоголик: Продолжение,https://shikimori.one/animes/3091-xxxholic-kei,8.24,13,TV Сериал,Детектив,44 комментария,С 4 апреля 2008 г. по 27 июня 2008 г.
270,Седьмой киллер 2,https://shikimori.one/animes/40784-wu-liuqi-zhi-zui-qiang-fa-xing-shi,8.24,10,ONA,Экшен,25 комментариев,
271,Триган,https://shikimori.one/animes/6-trigun,8.23,26,TV Сериал,Экшен,385 комментариев,С апрель 1998 г. по 30 сентября 1998 г.
272,Весенняя ночь коротка,https://shikimori.one/animes/34537-yoru-wa-mijikashi-arukeyo-otome,8.23,1 час 32 мин.,Фильм,Комедия,212 комментариев,
273,Бакуман,https://shikimori.one/animes/7674-bakuman,8.23,25,TV Сериал,Комедия,329 комментариев,С 2 октября 2010 г. по 2 апреля 2011 г.
274,Яркая Тихая,https://shikimori.one/animes/z10800-chihayafuru,8.23,25,TV Сериал,Драма,242 комментария,С 5 октября 2011 г. по 28 марта 2012 г.
275,Детектив Конан: Охота на ворона,https://shikimori.one/animes/5460-detective-conan-movie-13-the-raven-chaser,8.23,1 час 51 мин.,Фильм,Экшен,12 комментариев,
276,Путь аса: Акт II,https://shikimori.one/animes/z38731-diamond-no-ace-act-ii,8.23,52,TV Сериал,Комедия,171 комментарий,С 2 апреля 2019 г. по 31 марта 2020 г.
277,Первый шаг: Машиба против Кимуры,https://shikimori.one/animes/265-hajime-no-ippo-mashiba-vs-kimura,8.23,1 час 1 мин.,OVA,Комедия,5 комментариев,
278,Маленькие проказники! Ещё раз,https://shikimori.one/animes/y18195-little-busters-refrain,8.23,13,TV Сериал,Повседневность,230 комментариев,С 5 октября 2013 г. по 28 декабря 2013 г.
279,Девочка-волшебница Мадока★Волшебный фильм 1:  История начала,https://shikimori.one/animes/11977-mahou-shoujo-madoka-magica-movie-1-hajimari-no-monogatari,8.23,2 часа 10 мин.,Фильм,Психологическое,346 комментариев,
280,Ведьмина служба доставки,https://shikimori.one/animes/512-majo-no-takkyuubin,8.23,1 час 43 мин.,Фильм,Приключения,96 комментариев,
281,Мэйджор 4,https://shikimori.one/animes/3226-major-s4,8.23,26,TV Сериал,Комедия,21 комментарий,С 5 января 2008 г. по 28 июня 2008 г.
282,Шёпот сердца,https://shikimori.one/animes/585-mimi-wo-sumaseba,8.23,1 час 51 мин.,Фильм,Повседневность,115 комментариев,
283,Гандам: Железнокровные сироты 2,https://shikimori.one/animes/z33051-mobile-suit-gundam-iron-blooded-orphans-2nd-season,8.23,25,TV Сериал,Экшен,399 комментариев,С 2 октября 2016 г. по 2 апреля 2017 г.
284,Сакура — собирательница карт: Запечатанная карта,https://shikimori.one/animes/372-cardcaptor-sakura-movie-2-fuuin-sareta-card,8.22,1 час 22 мин.,Фильм,Комедия,8 комментариев,
285,Повторная жизнь: Заключительная глава,https://shikimori.one/animes/z35466-relife-kanketsu-hen,8.22,4,Спешл,Романтика,320 комментариев,
286,Судьба/Ночь схватки: Бесконечный мир клинков,https://shikimori.one/animes/z22297-fate-stay-night-unlimited-blade-works,8.22,12,TV Сериал,Экшен,2556 комментариев,С 12 октября 2014 г. по 28 декабря 2014 г.
287,Некий научный Рейлган T,https://shikimori.one/animes/38481-toaru-kagaku-no-railgun-t,8.22,25,TV Сериал,Экшен,6538 комментариев,
288,Девушки и танки,https://shikimori.one/animes/z18617-girls-panzer-movie,8.22,2 часа,Фильм,Военное,286 комментариев,
289,Когда плачут цикады: Разгадки,https://shikimori.one/animes/z1889-higurashi-no-naku-koro-ni-kai,8.22,24,TV Сериал,Детектив,350 комментариев,С 6 июля 2007 г. по 18 декабря 2007 г.
290,Инуяся: Последний акт,https://shikimori.one/animes/6811-inuyasha-kanketsu-hen,8.22,26,TV Сериал,Экшен,66 комментариев,С 4 октября 2009 г. по 30 марта 2010 г.
291,Сказание о принцессе Кагуя,https://shikimori.one/animes/16664-kaguya-hime-no-monogatari,8.22,2 часа 17 мин.,Фильм,Фэнтези,104 комментария,
292,Легенда о героях Галактики: Новый тезис. Межзвёздная война — Часть 3,https://shikimori.one/animes/36371-ginga-eiyuu-densetsu-die-neue-these-seiran-3,8.22,4,Фильм,Экшен,60 комментариев,
293,Торадора!,https://shikimori.one/animes/4224-toradora,8.22,25,TV Сериал,Повседневность,2721 комментарий,С 2 октября 2008 г. по 26 марта 2009 г.
294,Триплексоголик: Клетка,https://shikimori.one/animes/6864-xxxholic-rou,8.22,2,OVA,Детектив,46 комментариев,
295,Дороро,https://shikimori.one/animes/37520-dororo,8.21,24,TV Сериал,Экшен,2125 комментариев,С 7 января 2019 г. по 24 июня 2019 г.
296,Бездомный бог: Арагото,https://shikimori.one/animes/z30503-noragami-aragoto,8.21,13,TV Сериал,Экшен,902 комментария,С 3 октября 2015 г. по 26 декабря 2015 г.
297,Боевой континент 7,https://shikimori.one/animes/44189-douluo-dalu-hanhai-qian-kun,8.21,13,ONA,Экшен,1 комментарий,С 21 ноября 2020 г. по 13 февраля 2021 г.
298,Ван-Пис: Эпизод Мерри — История об ещё одном накаме,https://shikimori.one/animes/19123-one-piece-episode-of-merry-mou-hitori-no-nakama-no-monogatari,8.21,1 час 46 мин.,Спешл,Экшен,35 комментариев,
299,Боевой континент 4,https://shikimori.one/animes/42497-douluo-dalu-qian-hua-xi-jin,8.21,13,ONA,Экшен,1 комментарий,С 22 февраля 2020 г. по 16 мая 2020 г.
300,Доктор Стоун: Каменные войны,https://shikimori.one/animes/40852-dr-stone-stone-wars,8.21,11,TV Сериал,Фантастика,474 комментария,
301,Охотник х Охотник: Остров Жадности,https://shikimori.one/animes/z138-hunter-x-hunter-greed-island,8.21,8,OVA,Экшен,7 комментариев,
302,Мэйджор: Письмо,https://shikimori.one/animes/9890-major-message,8.21,24 мин.,OVA,Комедия,3 комментария,
303,Золотое божество 2,https://shikimori.one/animes/37989-golden-kamuy-2nd-season,8.21,12,TV Сериал,Экшен,217 комментариев,С 8 октября 2018 г. по 24 декабря 2018 г.
304,Сквозь бальный зал,https://shikimori.one/animes/34636-ballroom-e-youkoso,8.2,24,TV Сериал,Комедия,678 комментариев,С 9 июля 2017 г. по 17 декабря 2017 г.
305,Берсерк: Золотой Век III — Сошествие,https://shikimori.one/animes/12115-berserk-ougon-jidai-hen-iii-kourin,8.2,1 час 50 мин.,Фильм,Экшен,217 комментариев,
306,Ох уж этот экстрасенс Сайки Кусуо! Финал,https://shikimori.one/animes/38249-saiki-kusuo-no-nan-kanketsu-hen,8.21,50 мин.,Спешл,Комедия,165 комментариев,
307,Великий из бродячих псов 2,https://shikimori.one/animes/32867-bungou-stray-dogs-2nd-season,8.2,12,TV Сериал,Экшен,406 комментариев,С 6 октября 2016 г. по 16 декабря 2016 г.
308,Седьмой киллер 3,https://shikimori.one/animes/45556-wu-liuqi-zhi-xuanwu-guo-pian,8.21,10,ONA,Экшен,71 комментарий,С 21 января 2021 г. по 5 мая 2021 г.
309,Смертельный парад,https://shikimori.one/animes/28223-death-parade,8.2,12,TV Сериал,Игры,1422 комментария,С 10 января 2015 г. по 28 марта 2015 г.
310,Ван-Пис: Бегство,https://shikimori.one/animes/38234-one-piece-movie-14-stampede,8.2,1 час 41 мин.,Фильм,Экшен,226 комментариев,
311,По ту сторону границы: Я буду рядом — Будущее,https://shikimori.one/animes/28675-kyoukai-no-kanata-movie-2-i-ll-be-here-mirai-hen,8.2,1 час 30 мин.,Фильм,Фэнтези,211 комментариев,
312,Песня боевых принцесс: Мехасимфония 5,https://shikimori.one/animes/32843-senki-zesshou-symphogear-xv,8.2,13,TV Сериал,Экшен,57 комментариев,С 7 июля 2019 г. по 29 сентября 2019 г.
313,Юная революционерка Утэна,https://shikimori.one/animes/z440-shoujo-kakumei-utena,8.2,39,TV Сериал,Комедия,324 комментария,С 2 апреля 1997 г. по 24 декабря 1997 г.
314,Нет игры — нет жизни,https://shikimori.one/animes/z19815-no-game-no-life,8.19,12,TV Сериал,Игры,3332 комментария,С 9 апреля 2014 г. по 25 июня 2014 г.
315,Клуб свиданий старшей школы Оран,https://shikimori.one/animes/853-ouran-koukou-host-club,8.19,26,TV Сериал,Комедия,284 комментария,С 5 апреля 2006 г. по 27 сентября 2006 г.
316,Корзинка фруктов,https://shikimori.one/animes/38680-fruits-basket-1st-season,8.2,25,TV Сериал,Комедия,636 комментариев,С 6 апреля 2019 г. по 21 сентября 2019 г.
317,Боевой континент 8,https://shikimori.one/animes/48631-douluo-dalu-haishen-zhi-guang,8.2,13,ONA,Экшен,31 комментарий,С 20 февраля 2021 г. по 15 мая 2021 г.
318,Повар-боец Сома: Второе блюдо,https://shikimori.one/animes/32282-shokugeki-no-souma-ni-no-sara,8.19,13,TV Сериал,Этти,598 комментариев,С 2 июля 2016 г. по 24 сентября 2016 г.
319,Лиз и синяя птица,https://shikimori.one/animes/35677-liz-to-aoi-tori,8.2,1 час 30 мин.,Фильм,Драма,252 комментария,
320,"Девочка, покорившая время",https://shikimori.one/animes/2236-toki-wo-kakeru-shoujo,8.19,1 час 38 мин.,Фильм,Приключения,480 комментариев,
321,Работа!! 3: Лорд Таканаси,https://shikimori.one/animes/31715-working-lord-of-the-takanashi,8.19,49 мин.,Спешл,Комедия,83 комментария,
322,Ария: Природа,https://shikimori.one/animes/962-aria-the-natural,8.19,26,TV Сериал,Фантастика,121 комментарий,С 3 апреля 2006 г. по 25 сентября 2006 г.
323,Давайте сыграем,https://shikimori.one/animes/37171-asobi-asobase,8.19,12,TV Сериал,Комедия,259 комментариев,С 8 июля 2018 г. по 23 сентября 2018 г.
324,Пираты «Чёрной лагуны»: Второй залп,https://shikimori.one/animes/x1519-black-lagoon-the-second-barrage,8.19,12,TV Сериал,Экшен,258 комментариев,С 3 октября 2006 г. по 19 декабря 2006 г.
325,Моя геройская академия 3,https://shikimori.one/animes/36456-boku-no-hero-academia-3rd-season,8.19,25,TV Сериал,Экшен,1349 комментариев,С 7 апреля 2018 г. по 29 сентября 2018 г.
326,Великий из бродячих псов 3,https://shikimori.one/animes/38003-bungou-stray-dogs-3rd-season,8.19,12,TV Сериал,Экшен,596 комментариев,С 12 апреля 2019 г. по 28 июня 2019 г.
327,Приключения Дигимонов: Последняя эволюция,https://shikimori.one/animes/38088-digimon-adventure-last-evolution-kizuna,8.19,1 час 34 мин.,Фильм,Экшен,19 комментариев,
328,Доходный дом Иккоку,https://shikimori.one/animes/1453-maison-ikkoku,8.19,96,TV Сериал,Повседневность,77 комментариев,С 26 марта 1986 г. по 2 марта 1988 г.
329,Праздник кукол,https://shikimori.one/animes/z36296-hinamatsuri-tv,8.19,12,TV Сериал,Фантастика,277 комментариев,С 6 апреля 2018 г. по 22 июня 2018 г.
330,Истории подделок,https://shikimori.one/animes/x11597-nisemonogatari,8.18,11,TV Сериал,Детектив,516 комментариев,С 8 января 2012 г. по 18 марта 2012 г.
331,Деревенская глубинка 2,https://shikimori.one/animes/z23623-non-non-biyori-repeat,8.18,12,TV Сериал,Комедия,381 комментарий,С 7 июля 2015 г. по 22 сентября 2015 г.
332,Ван-Пис: Z,https://shikimori.one/animes/12859-one-piece-film-z,8.18,1 час 47 мин.,Фильм,Экшен,90 комментариев,
333,Девушки в последнем путешествии,https://shikimori.one/animes/35838-shoujo-shuumatsu-ryokou,8.19,12,TV Сериал,Приключения,456 комментариев,С 6 октября 2017 г. по 22 декабря 2017 г.
334,Кошечка из Сакурасо,https://shikimori.one/animes/13759-sakura-sou-no-pet-na-kanojo,8.18,24,TV Сериал,Повседневность,1318 комментариев,С 9 октября 2012 г. по 26 марта 2013 г.
335,Наруто: Ураганные хроники,https://shikimori.one/animes/z1735-naruto-shippuuden,8.17,500,TV Сериал,Экшен,2524 комментария,С 15 февраля 2007 г. по 23 марта 2017 г.
336,Нодамэ Кантабиле: Парижская глава,https://shikimori.one/animes/4477-nodame-cantabile-paris-hen,8.17,11,TV Сериал,Комедия,21 комментарий,С 10 октября 2008 г. по 19 декабря 2008 г.
337,Боевой континент 2,https://shikimori.one/animes/37822-douluo-dalu-jingying-sai,8.18,52,ONA,Экшен,190 комментариев,
338,Ван-Пис: Жестокий мир,https://shikimori.one/animes/4155-one-piece-film-strong-world,8.17,1 час 55 мин.,Фильм,Экшен,18 комментариев,
339,Магистр дьявольского культа: Чиби,https://shikimori.one/animes/40435-mo-dao-zu-shi-q,8.18,30,ONA,Комедия,45 комментариев,С 31 июля 2020 г. по 29 января 2021 г.
340,Гуррен-Лаганн: На прорыв!,https://shikimori.one/animes/z4107-tengen-toppa-gurren-lagann-movie-1-gurren-hen,8.17,1 час 52 мин.,Фильм,Экшен,27 комментариев,
341,"Прекрасна, как Луна",https://shikimori.one/animes/34822-tsuki-ga-kirei,8.17,12,TV Сериал,Романтика,386 комментариев,С 7 апреля 2017 г. по 30 июня 2017 г.
342,Акира,https://shikimori.one/animes/47-akira,8.17,2 часа 4 мин.,Фильм,Экшен,594 комментария,
343,Детектив Конан: Худший из кошмаров,https://shikimori.one/animes/32005-detective-conan-movie-20-the-darkest-nightmare,8.17,1 час 52 мин.,Фильм,Экшен,24 комментария,
344,Люпен III: Часть V,https://shikimori.one/animes/35857-lupin-iii-part-5,8.17,24,TV Сериал,Экшен,64 комментария,С 4 апреля 2018 г. по 19 сентября 2018 г.
345,Дюрарара!!,https://shikimori.one/animes/z6746-durarara,8.17,24,TV Сериал,Экшен,867 комментариев,С 8 января 2010 г. по 25 июня 2010 г.
346,Граф Монте-Кристо,https://shikimori.one/animes/239-gankutsuou,8.17,24,TV Сериал,Драма,113 комментариев,С 6 октября 2004 г. по 30 марта 2005 г.
347,Аватар короля. Фильм,https://shikimori.one/animes/40080-quanzhi-gaoshou-zhi-dianfeng-rongyao,8.17,1 час 37 мин.,Фильм,Экшен,164 комментария,
348,Кайба,https://shikimori.one/animes/3701-kaiba,8.17,12,TV Сериал,Приключения,87 комментариев,С 11 апреля 2008 г. по 25 июля 2008 г.
349,Репетитор-киллер Реборн!,https://shikimori.one/animes/1604-katekyo-hitman-reborn,8.17,203,TV Сериал,Экшен,630 комментариев,С 7 октября 2006 г. по 25 сентября 2010 г.
350,Лиричная волшебница Наноха 2: Ас,https://shikimori.one/animes/10153-mahou-shoujo-lyrical-nanoha-the-movie-2nd-a-s,8.17,2 часа 30 мин.,Фильм,Экшен,21 комментарий,
351,Сакура — собирательница карт,https://shikimori.one/animes/232-cardcaptor-sakura,8.16,70,TV Сериал,Приключения,380 комментариев,С 7 апреля 1998 г. по 21 марта 2000 г.
352,Стальной алхимик,https://shikimori.one/animes/z121-fullmetal-alchemist,8.16,51,TV Сериал,Экшен,1000 комментариев,С 4 октября 2003 г. по 2 октября 2004 г.
353,Пять невест 2,https://shikimori.one/animes/39783-5-toubun-no-hanayome,8.16,12,TV Сериал,Гарем,2139 комментариев,
354,Детектив Конан,https://shikimori.one/animes/z235-detective-conan,8.16,1007 / ?,TV Сериал,Приключения,816 комментариев,
355,"Очень приятно, Бог 2",https://shikimori.one/animes/z25681-kamisama-hajimemashita,8.16,12,TV Сериал,Комедия,371 комментарий,С 6 января 2015 г. по 31 марта 2015 г.
356,Хранитель священного духа,https://shikimori.one/animes/1827-seirei-no-moribito,8.16,26,TV Сериал,Экшен,107 комментариев,С 7 апреля 2007 г. по 29 сентября 2007 г.
357,Руки прочь от кинокружка!,https://shikimori.one/animes/39792-eizouken-ni-wa-te-wo-dasu-na,8.16,12,TV Сериал,Приключения,505 комментариев,
358,Ван-Пис: Эпизод Нами — Слёзы навигатора и узы друзей,https://shikimori.one/animes/15323-one-piece-episode-of-nami-koukaishi-no-namida-to-nakama-no-kizuna,8.15,1 час 46 мин.,Спешл,Экшен,25 комментариев,
359,Драконий жемчуг Зет,https://shikimori.one/animes/813-dragon-ball-z,8.15,291,TV Сериал,Экшен,134 комментария,С 26 апреля 1989 г. по 31 января 1996 г.
360,"Легенда о героях Галактики: Сто миллионов звёзд, сто миллионов светил",https://shikimori.one/animes/3371-ginga-eiyuu-densetsu-gaiden,8.15,24,OVA,Экшен,35 комментариев,
361,Инициал Ди: Стадия четвёртая,https://shikimori.one/animes/z18-initial-d-fourth-stage,8.15,24,TV Сериал,Экшен,23 комментария,С 17 апреля 2004 г. по 18 февраля 2006 г.
362,Кэйон!!,https://shikimori.one/animes/7791-k-on,8.15,26,TV Сериал,Комедия,418 комментариев,С 7 апреля 2010 г. по 29 сентября 2010 г.
363,Дарованный. Фильм,https://shikimori.one/animes/40421-given-movie,8.15,59 мин.,Фильм,Драма,160 комментариев,
364,Этот замечательный мир!,https://shikimori.one/animes/x30831-kono-subarashii-sekai-ni-shukufuku-wo,8.15,10,TV Сериал,Приключения,1300 комментариев,С 14 января 2016 г. по 17 марта 2016 г.
365,Люпен III: Замок Калиостро,https://shikimori.one/animes/1430-lupin-iii-cagliostro-no-shiro,8.15,1 час 39 мин.,Фильм,Экшен,30 комментариев,
366,Мобильный воин Гандам: Единорог,https://shikimori.one/animes/z6336-mobile-suit-gundam-unicorn,8.15,7,OVA,Экшен,48 комментариев,
367,Ангельские ритмы!,https://shikimori.one/animes/y6547-angel-beats,8.14,13,TV Сериал,Экшен,3523 комментария,С 3 апреля 2010 г. по 26 июня 2010 г.
368,Шумиха! Спецвыпуски,https://shikimori.one/animes/3901-baccano-specials,8.14,3,Спешл,Экшен,20 комментариев,
369,Детектив Конан: Потерянный корабль в небе,https://shikimori.one/animes/6467-detective-conan-movie-14-the-lost-ship-in-the-sky,8.14,1 час 42 мин.,Фильм,Экшен,5 комментариев,
370,"Детройт, город металла",https://shikimori.one/animes/x3702-detroit-metal-city,8.14,12,OVA,Музыка,445 комментариев,
371,Чудачества любви не помеха: Положись на меня,https://shikimori.one/animes/35608-chuunibyou-demo-koi-ga-shitai-movie-take-on-me,8.14,1 час 33 мин.,Фильм,Комедия,327 комментариев,
372,Хёка,https://shikimori.one/animes/12189-hyouka,8.14,22,TV Сериал,Детектив,1158 комментариев,С 23 апреля 2012 г. по 17 сентября 2012 г.
373,Власть книжного червя 2,https://shikimori.one/animes/40815-honzuki-no-gekokujou-shisho-ni-naru-tame-ni-wa-shudan-wo-erandeiraremasen-2nd-season,8.14,12,TV Сериал,Повседневность,294 комментария,
374,Призрак в доспехах: Синдром одиночки — Сообщество стабильной государственности,https://shikimori.one/animes/1566-koukaku-kidoutai-stand-alone-complex-solid-state-society,8.14,1 час 48 мин.,Спешл,Военное,30 комментариев,
375,Баскетбол Куроко,https://shikimori.one/animes/11771-kuroko-no-basket,8.14,25,TV Сериал,Комедия,640 комментариев,С 8 апреля 2012 г. по 22 сентября 2012 г.
376,Созданный в Бездне: Начало путешествия,https://shikimori.one/animes/37514-made-in-abyss-movie-1-tabidachi-no-yoake,8.14,1 час 59 мин.,Фильм,Приключения,92 комментария,
377,Невеста чародея: В ожидании путеводной звезды,https://shikimori.one/animes/32902-mahoutsukai-no-yome-hoshi-matsu-hito,8.14,3,OVA,Повседневность,301 комментарий,
378,Мобильный воин Гандам 00,https://shikimori.one/animes/z2581-mobile-suit-gundam-00,8.14,25,TV Сериал,Экшен,143 комментария,С 6 октября 2007 г. по 29 марта 2008 г.
379,Принцесса Тютю,https://shikimori.one/animes/z721-princess-tutu,8.14,38,TV Сериал,Комедия,95 комментариев,С 16 августа 2002 г. по 23 мая 2003 г.
380,Боевой континент 3,https://shikimori.one/animes/42496-douluo-dalu-hao-tian-yang-wei,8.13,13,ONA,Экшен,3 комментария,
381,Муми-тролли,https://shikimori.one/animes/2150-tanoshii-muumin-ikka,8.13,78,TV Сериал,Приключения,30 комментариев,С 12 апреля 1990 г. по 3 октября 1991 г.
382,Хроника крыльев: Весенний гром,https://shikimori.one/animes/4938-tsubasa-shunraiki,8.13,2,OVA,Экшен,43 комментария,
383,Семёрка идолов 2,https://shikimori.one/animes/37962-idolish7-second-beat,8.13,15,TV Сериал,Музыка,183 комментария,
384,Судьба/Великий карнавал,https://shikimori.one/animes/44248-fate-grand-carnival,8.13,2 / 4,OVA,Комедия,119 комментариев,
385,История одержимости,https://shikimori.one/animes/z28025-tsukimonogatari,8.13,4,TV Сериал,Детектив,393 комментария,
386,"Астра, затерянная в космосе",https://shikimori.one/animes/39198-kanata-no-astra,8.13,12,TV Сериал,Фантастика,699 комментариев,С 3 июля 2019 г. по 18 сентября 2019 г.
387,Экзотическая семейка 2,https://shikimori.one/animes/34076-uchouten-kazoku-2,8.13,12,TV Сериал,Комедия,77 комментариев,С 9 апреля 2017 г. по 25 июня 2017 г.
388,Детектив Конан: Отсчёт до небес,https://shikimori.one/animes/1364-detective-conan-movie-05-countdown-to-heaven,8.13,1 час 40 мин.,Фильм,Приключения,10 комментариев,
389,Принцесса-медуза,https://shikimori.one/animes/8129-kuragehime,8.13,11,TV Сериал,Повседневность,130 комментариев,С 15 октября 2010 г. по 31 декабря 2010 г.
390,Пуй-пуй Молькар,https://shikimori.one/animes/44235-pui-pui-molcar,8.13,12,TV Сериал,Машины,37 комментариев,
391,Класс убийц,https://shikimori.one/animes/z24833-ansatsu-kyoushitsu,8.12,22,TV Сериал,Экшен,735 комментариев,С 10 января 2015 г. по 20 июня 2015 г.
392,Путь аса,https://shikimori.one/animes/z18689-diamond-no-ace,8.12,75,TV Сериал,Комедия,211 комментариев,С 6 октября 2013 г. по 29 марта 2015 г.
393,Легенда о героях Галактики: Увертюра к новой войне,https://shikimori.one/animes/3016-ginga-eiyuu-densetsu-arata-naru-tatakai-no-overture,8.12,1 час 30 мин.,Фильм,Экшен,39 комментариев,
394,Инициал Ди: Стадия вторая,https://shikimori.one/animes/186-initial-d-second-stage,8.12,13,TV Сериал,Экшен,33 комментария,С 15 октября 1999 г. по 21 января 2000 г.
395,Ох уж этот экстрасенс Сайки Кусуо! Начало,https://shikimori.one/animes/40542-saiki-kusuo-no-nan-shidou-hen,8.12,6,ONA,Повседневность,121 комментарий,
396,Ветер крепчает,https://shikimori.one/animes/16662-kaze-tachinu,8.12,2 часа 6 мин.,Фильм,Драма,269 комментариев,
397,Тёмный дворецкий: Глава о цирке,https://shikimori.one/animes/22145-kuroshitsuji-book-of-circus,8.12,10,TV Сериал,Экшен,397 комментариев,С 11 июля 2014 г. по 12 сентября 2014 г.
398,Токийские мстители,https://shikimori.one/animes/42249-tokyo-revengers,8.12,9 / ?,TV Сериал,Экшен,508 комментариев,
399,Не сдавайся!,https://shikimori.one/animes/z4722-skip-beat,8.12,25,TV Сериал,Комедия,312 комментариев,С 6 октября 2008 г. по 30 марта 2009 г.
400,Эхо террора,https://shikimori.one/animes/23283-zankyou-no-terror,8.12,11,TV Сериал,Детектив,2056 комментариев,С 11 июля 2014 г. по 26 сентября 2014 г.
401,Озорная Такаги 2,https://shikimori.one/animes/38993-karakai-jouzu-no-takagi-san-2,8.12,12,TV Сериал,Повседневность,228 комментариев,С 7 июля 2019 г. по 22 сентября 2019 г.
402,Трусливый велосипедист: Большая дорога,https://shikimori.one/animes/24277-yowamushi-pedal-grande-road,8.11,24,TV Сериал,Комедия,74 комментария,С 7 октября 2014 г. по 31 марта 2015 г.
403,Темнее чёрного,https://shikimori.one/animes/z2025-darker-than-black-kuro-no-keiyakusha,8.11,25,TV Сериал,Экшен,754 комментария,С 6 апреля 2007 г. по 28 сентября 2007 г.
404,Серебряная ложка,https://shikimori.one/animes/y16918-gin-no-saji,8.11,11,TV Сериал,Комедия,185 комментариев,С 12 июля 2013 г. по 20 сентября 2013 г.
405,Гинтама: Джамп Феста 2015,https://shikimori.one/animes/32122-gintama-umai-mono-wa-atomawashi-ni-suru-to-yokodorisareru-kara-yappari-saki-ni-kue,8.11,12 мин.,Спешл,Экшен,6 комментариев,
406,Драконий жемчуг: Супер — Броли,https://shikimori.one/animes/z36946-dragon-ball-super-broly,8.11,1 час 40 мин.,Фильм,Экшен,105 комментариев,
407,Невероятное приключение ДжоДжо: Рыцари звёздной пыли,https://shikimori.one/animes/20899-jojo-no-kimyou-na-bouken-part-3-stardust-crusaders,8.11,24,TV Сериал,Экшен,726 комментариев,С 5 апреля 2014 г. по 13 сентября 2014 г.
408,Тёмный дворецкий: Глава об убийстве,https://shikimori.one/animes/z23317-kuroshitsuji-book-of-murder,8.11,2,OVA,Экшен,308 комментариев,
409,Мобильный воин Гандам 00 2,https://shikimori.one/animes/3927-mobile-suit-gundam-00-second-season,8.11,25,TV Сериал,Экшен,131 комментарий,С 5 октября 2008 г. по 29 марта 2009 г.
410,Волейбол!! Битва концепций,https://shikimori.one/animes/35111-haikyuu-movie-4-concept-no-tatakai,8.11,1 час 28 мин.,Фильм,Комедия,33 комментария,
411,Детектив Конан: Волшебник серебряного неба,https://shikimori.one/animes/1367-detective-conan-movie-08-magician-of-the-silver-sky,8.1,1 час 48 мин.,Фильм,Приключения,10 комментариев,
412,Приоритет чудо-яйца,https://shikimori.one/animes/43299-wonder-egg-priority,8.11,12,TV Сериал,Драма,2482 комментария,
413,Евангелион: 3.0+1.0,https://shikimori.one/animes/3786-evangelion-3-0-1-0-thrice-upon-a-time,8.1,2 часа 35 мин.,Фильм,Экшен,2020 комментариев,
414,Дюрарара!! 2: Финал,https://shikimori.one/animes/z27833-durarara-x2-ketsu,8.1,12,TV Сериал,Экшен,358 комментариев,С 9 января 2016 г. по 26 марта 2016 г.
415,Судьба/Ночь схватки: Бесконечный мир клинков — Пролог,https://shikimori.one/animes/z27821-fate-stay-night-unlimited-blade-works-prologue,8.1,51 мин.,Спешл,Экшен,216 комментариев,
416,Гинтама: Джамп Феста 2014,https://shikimori.one/animes/25313-gintama-futon-ni-haitte-kara-buki-nokoshi-ni-kizuite-neru-ni-nerenai-toki-mo-aru,8.1,24 мин.,Спешл,Экшен,28 комментариев,
417,Импульс мира 2,https://shikimori.one/animes/40907-world-trigger-2nd-season,8.1,12,TV Сериал,Экшен,207 комментариев,
418,Готика,https://shikimori.one/animes/8425-gosick,8.1,24,TV Сериал,Детектив,717 комментариев,С 8 января 2011 г. по 2 июля 2011 г.
419,Первый шаг: Специальный эпизод,https://shikimori.one/animes/12069-hajime-no-ippo-boxer-no-kobushi,8.1,23 мин.,Спешл,Комедия,2 комментария,
420,Хикару и Го,https://shikimori.one/animes/135-hikaru-no-go,8.1,75,TV Сериал,Комедия,189 комментариев,С 10 октября 2001 г. по 26 марта 2003 г.
421,Убей или умри,https://shikimori.one/animes/z18679-kill-la-kill,8.1,24,TV Сериал,Экшен,3099 комментариев,С 4 октября 2013 г. по 28 марта 2014 г.
422,Призрак в доспехах: Синдром одиночки — Смеющийся человек,https://shikimori.one/animes/2449-koukaku-kidoutai-stand-alone-complex-the-laughing-man,8.1,2 часа 40 мин.,Спешл,Экшен,11 комментариев,
423,Баскетбол Куроко: Это лучший подарок!,https://shikimori.one/animes/31051-kuroko-no-basket-saikou-no-present-desu,8.1,23 мин.,Спешл,Экшен,59 комментариев,
424,Воспоминания о Марни,https://shikimori.one/animes/21557-omoide-no-marnie,8.1,1 час 43 мин.,Фильм,Детектив,218 комментариев,
425,Рыцари Зодиака: Утерянный холст — Владыка Преисподней. Глава вторая,https://shikimori.one/animes/z9130-saint-seiya-the-lost-canvas-meiou-shinwa-2,8.1,13,OVA,Экшен,14 комментариев,
426,Сильнейший в истории ученик Кэнъити,https://shikimori.one/animes/1559-shijou-saikyou-no-deshi-kenichi,8.1,50,TV Сериал,Экшен,247 комментариев,С 7 октября 2006 г. по 30 сентября 2007 г.
427,Тамаюра: Заключительная глава — Завтрашний день,https://shikimori.one/animes/29831-tamayura-sotsugyou-shashin-part-4-ashita,8.1,57 мин.,Фильм,Комедия,5 комментариев,
428,Летние войны,https://shikimori.one/animes/5681-summer-wars,8.09,1 час 54 мин.,Фильм,Фантастика,179 комментариев,
429,Йона на заре OVA,https://shikimori.one/animes/30370-akatsuki-no-yona-ova,8.09,3,OVA,Экшен,136 комментариев,
430,Кибер-виток,https://shikimori.one/animes/2164-dennou-coil,8.09,26,TV Сериал,Приключения,61 комментарий,С 12 мая 2007 г. по декабрь 2007 г.
431,Дорохедоро,https://shikimori.one/animes/38668-dorohedoro,8.09,12,TV Сериал,Экшен,1814 комментариев,
432,Детектив Конан: Снайпер из другого измерения,https://shikimori.one/animes/21419-detective-conan-movie-18-the-sniper-from-another-dimension,8.09,1 час 50 мин.,Фильм,Экшен,1 комментарий,
433,Гинтама: Джамп Феста 2005,https://shikimori.one/animes/z2951-gintama-nanigoto-mo-saiyo-ga-kanjin-nano-de-tasho-senobisuru-kurai-ga-choudoyoi,8.09,32 мин.,Спешл,Экшен,8 комментариев,
434,Легенда о героях Галактики: Новый тезис. Межзвёздная война — Часть 2,https://shikimori.one/animes/36370-ginga-eiyuu-densetsu-die-neue-these-seiran-2,8.09,4,Фильм,Экшен,12 комментариев,
435,Наброски Хидамари: Выпускной Саэ и Хиро,https://shikimori.one/animes/17739-hidamari-sketch-sae-hiro-sotsugyou-hen,8.09,2,OVA,Повседневность,3 комментария,
436,"Очень приятно, Бог: Будьте счастливы",https://shikimori.one/animes/z33323-kamisama-hajimemashita-kamisama-shiawase-ni-naru,8.09,12 мин.,OVA,Комедия,86 комментариев,
437,Эврика 7: Псалмы планет,https://shikimori.one/animes/237-koukyoushihen-eureka-seven,8.09,50,TV Сериал,Приключения,283 комментария,С 17 апреля 2005 г. по 2 апреля 2006 г.
438,Конан — мальчик из будущего,https://shikimori.one/animes/302-mirai-shounen-conan,8.09,26,TV Сериал,Приключения,23 комментария,С 4 апреля 1978 г. по 31 октября 1978 г.
439,Моя геройская академия,https://shikimori.one/animes/31964-boku-no-hero-academia,8.08,13,TV Сериал,Экшен,1264 комментария,С 3 апреля 2016 г. по 26 июня 2016 г.
440,Невеста чародея,https://shikimori.one/animes/35062-mahoutsukai-no-yome,8.09,24,TV Сериал,Повседневность,1130 комментариев,С 8 октября 2017 г. по 25 марта 2018 г.
441,Мобильный воин Гандам: Происхождение — Прибытие Красной кометы,https://shikimori.one/animes/39592-mobile-suit-gundam-the-origin-advent-of-the-red-comet,8.09,13,TV Сериал,Экшен,8 комментариев,С 29 апреля 2019 г. по 12 августа 2019 г.
442,Время Евы ONA,https://shikimori.one/animes/3167-eve-no-jikan,8.08,6,ONA,Фантастика,72 комментария,
443,Легенда о героях Галактики: Спиральный лабиринт,https://shikimori.one/animes/3665-ginga-eiyuu-densetsu-gaiden-1999,8.08,28,OVA,Экшен,40 комментариев,
444,Стеклянная маска (2005),https://shikimori.one/animes/1974-glass-no-kamen-2005,8.08,51,TV Сериал,Драма,68 комментариев,С 6 апреля 2005 г. по 29 марта 2006 г.
445,Повар-боец Сома: Третье блюдо,https://shikimori.one/animes/35788-shokugeki-no-souma-san-no-sara,8.09,12,TV Сериал,Этти,728 комментариев,С 4 октября 2017 г. по 20 декабря 2017 г.
446,О моём перерождении в слизь,https://shikimori.one/animes/z37430-tensei-shitara-slime-datta-ken,8.09,24,TV Сериал,Экшен,2245 комментариев,С 2 октября 2018 г. по 19 марта 2019 г.
447,Инициал Ди: Стадия пятая,https://shikimori.one/animes/15059-initial-d-fifth-stage,8.08,14,TV Сериал,Экшен,85 комментариев,С 4 ноября 2012 г. по 10 мая 2013 г.
448,Триплексоголик: Весенний сон,https://shikimori.one/animes/4918-xxxholic-shunmuki,8.08,2,OVA,Детектив,10 комментариев,
449,"Как и ожидалось, моя школьная романтическая жизнь не удалась 2 OVA",https://shikimori.one/animes/33161-yahari-ore-no-seishun-love-comedy-wa-machigatteiru-zoku-ova,8.08,23 мин.,OVA,Комедия,647 комментариев,
450,Король храбрецов Гаогайгар,https://shikimori.one/animes/1382-yuusha-ou-gaogaigar-final,8.08,8,OVA,Приключения,10 комментариев,
451,Повесть о стране цветных облаков 2,https://shikimori.one/animes/1914-saiunkoku-monogatari-2nd-season,8.07,39,TV Сериал,Приключения,30 комментариев,С 7 апреля 2007 г. по 8 марта 2008 г.
452,Дом из маленьких кубиков,https://shikimori.one/animes/5365-tsumiki-no-ie,8.07,12 мин.,Фильм,Драма,56 комментариев,
453,Детектив Конан: Реквием детективов,https://shikimori.one/animes/1506-detective-conan-movie-10-requiem-of-the-detectives,8.07,1 час 51 мин.,Фильм,Приключения,4 комментария,
454,Евангелион 1.11: Ты (не) один,https://shikimori.one/animes/2759-evangelion-1-0-you-are-not-alone,8.07,1 час 41 мин.,Фильм,Экшен,324 комментария,
455,Стальная тревога? Фумоффу,https://shikimori.one/animes/72-full-metal-panic-fumoffu,8.07,12,TV Сериал,Экшен,97 комментариев,С 26 августа 2003 г. по 18 октября 2003 г.
456,Гинтама: Грандиозное собрание,https://shikimori.one/animes/z10643-gintama-dai-hanseikai,8.07,14 мин.,Спешл,Экшен,7 комментариев,
457,Волейбол!! Гений и чувство,https://shikimori.one/animes/z35110-haikyuu-movie-3-sainou-to-sense,8.07,1 час 29 мин.,Фильм,Комедия,14 комментариев,
458,Одному лишь Богу ведомый мир III: Богини,https://shikimori.one/animes/z16706-kami-nomi-zo-shiru-sekai-megami-hen,8.07,12,TV Сериал,Гарем,462 комментария,С 9 июля 2013 г. по 24 сентября 2013 г.
459,Граница пустоты 3: Оставшееся чувство боли,https://shikimori.one/animes/3783-kara-no-kyoukai-3-tsuukaku-zanryuu,8.07,59 мин.,Фильм,Экшен,51 комментарий,
460,Баскетбол Куроко: Последняя игра,https://shikimori.one/animes/31658-kuroko-no-basket-movie-4-last-game,8.07,1 час 30 мин.,Фильм,Спорт,335 комментариев,
461,С сегодняшнего дня!,https://shikimori.one/animes/851-kyou-kara-ore-wa,8.07,10,OVA,Комедия,59 комментариев,
462,Безоблачное завтра,https://shikimori.one/animes/16067-nagi-no-asu-kara,8.07,26,TV Сериал,Драма,523 комментария,С 3 октября 2013 г. по 3 апреля 2014 г.
463,Первые шаги 2,https://shikimori.one/animes/27663-baby-steps-2nd-season,8.06,25,TV Сериал,Спорт,179 комментариев,С 5 апреля 2015 г. по 20 сентября 2015 г.
464,Городской охотник 2,https://shikimori.one/animes/1471-city-hunter-2,8.06,63,TV Сериал,Экшен,16 комментариев,С 2 апреля 1988 г. по 14 июля 1989 г.
465,Кланнад,https://shikimori.one/animes/z2167-clannad,8.06,23,TV Сериал,Комедия,1726 комментариев,С 5 октября 2007 г. по 28 марта 2008 г.
466,Двенадцать королевств,https://shikimori.one/animes/153-juuni-kokuki,8.06,45,TV Сериал,Экшен,189 комментариев,С 9 апреля 2002 г. по 30 августа 2003 г.
467,Этот замечательный мир! 2 OVA,https://shikimori.one/animes/34626-kono-subarashii-sekai-ni-shukufuku-wo-2-kono-subarashii-geijutsu-ni-shukufuku-wo,8.06,28 мин.,OVA,Магия,185 комментариев,
468,Трогательный комплекс,https://shikimori.one/animes/2034-lovely-complex,8.06,24,TV Сериал,Комедия,394 комментария,С 7 апреля 2007 г. по 29 сентября 2007 г.
469,Моя геройская академия: Восхождение героев,https://shikimori.one/animes/39565-boku-no-hero-academia-the-movie-2-heroes-rising,8.06,1 час 44 мин.,Фильм,Экшен,157 комментариев,
470,Патриотизм Мориарти,https://shikimori.one/animes/40911-yuukoku-no-moriarty,8.06,11,TV Сериал,Детектив,1063 комментария,
471,Маги: Лабиринт магии,https://shikimori.one/animes/z14513-magi-the-labyrinth-of-magic,8.06,25,TV Сериал,Экшен,327 комментариев,С 7 октября 2012 г. по 31 марта 2013 г.
472,Паприка,https://shikimori.one/animes/1943-paprika,8.06,1 час 30 мин.,Фильм,Безумие,239 комментариев,
473,Рыцари Зодиака: Глава Аида — Убежище,https://shikimori.one/animes/1257-saint-seiya-meiou-hades-juuni-kyuu-hen,8.06,13,OVA,Приключения,14 комментариев,
474,Некий научный Рейлган S,https://shikimori.one/animes/16049-toaru-kagaku-no-railgun-s,8.06,24,TV Сериал,Экшен,539 комментариев,С 12 апреля 2013 г. по 27 сентября 2013 г.
475,"Как и ожидалось, моя школьная романтическая жизнь не удалась",https://shikimori.one/animes/14813-yahari-ore-no-seishun-love-comedy-wa-machigatteiru,8.06,13,TV Сериал,Повседневность,1673 комментария,С 5 апреля 2013 г. по 28 июня 2013 г.
476,"Останься со мной, Дораэмон!",https://shikimori.one/animes/21469-stand-by-me-doraemon,8.06,1 час 34 мин.,Фильм,Комедия,8 комментариев,
477,Ура мечте! 3,https://shikimori.one/animes/z37870-bang-dream-3rd-season,8.05,13,TV Сериал,Музыка,84 комментария,
478,Принц Света: Легенда о Рамаяне,https://shikimori.one/animes/4921-ramayana-the-legend-of-prince-rama,8.05,2 часа 15 мин.,Фильм,Приключения,1 комментарий,
479,Токийское восьмибалльное,https://shikimori.one/animes/z6211-tokyo-magnitude-8-0,8.05,11,TV Сериал,Драма,197 комментариев,С 10 июля 2009 г. по 18 сентября 2009 г.
480,Девушки и танки: Финал. Часть 2,https://shikimori.one/animes/38081-girls-panzer-saishuushou-part-2,8.05,55 мин.,Фильм,Военное,77 комментариев,
481,Йона на заре,https://shikimori.one/animes/z25013-akatsuki-no-yona,8.05,24,TV Сериал,Экшен,2087 комментариев,С 7 октября 2014 г. по 24 марта 2015 г.
482,Пираты «Чёрной лагуны»,https://shikimori.one/animes/889-black-lagoon,8.05,12,TV Сериал,Экшен,498 комментариев,С 9 апреля 2006 г. по 25 июня 2006 г.
483,Пираты «Чёрной лагуны»: Кровавая тропа Роберты,https://shikimori.one/animes/z4901-black-lagoon-roberta-s-blood-trail,8.05,5,OVA,Экшен,109 комментариев,
484,Ди Грэй-мен,https://shikimori.one/animes/1482-d-gray-man,8.05,103,TV Сериал,Экшен,684 комментария,С 3 октября 2006 г. по 30 сентября 2008 г.
485,Время Евы,https://shikimori.one/animes/7465-eve-no-jikan-movie,8.05,1 час 46 мин.,Фильм,Фантастика,207 комментариев,
486,Промар,https://shikimori.one/animes/35848-promare,8.05,1 час 51 мин.,Фильм,Экшен,514 комментариев,
487,Мёд и клевер,https://shikimori.one/animes/16-hachimitsu-to-clover,8.05,24,TV Сериал,Комедия,106 комментариев,С 15 апреля 2005 г. по 27 сентября 2005 г.
488,Староста-горничная,https://shikimori.one/animes/7054-kaichou-wa-maid-sama,8.05,26,TV Сериал,Комедия,763 комментария,С 2 апреля 2010 г. по 24 сентября 2010 г.
489,Детектив Конан: Последний волшебник века,https://shikimori.one/animes/781-detective-conan-movie-03-the-last-wizard-of-the-century,8.04,1 час 40 мин.,Фильм,Приключения,13 комментариев,
490,Детектив Конан: Потерянное в памяти,https://shikimori.one/animes/1363-detective-conan-movie-04-captured-in-her-eyes,8.04,1 час 40 мин.,Фильм,Приключения,4 комментария,
491,Эф — история мелодий,https://shikimori.one/animes/z4789-ef-a-tale-of-melodies,8.04,12,TV Сериал,Детектив,234 комментария,С 7 октября 2008 г. по 23 декабря 2008 г.
492,Скейт: Бесконечность,https://shikimori.one/animes/42923-sk,8.04,12,TV Сериал,Комедия,463 комментария,
493,Легенда о Серебряном Клыке: Падающая звезда Гин,https://shikimori.one/animes/589-ginga-nagareboshi-gin,8.04,21,TV Сериал,Экшен,22 комментария,С 7 апреля 1986 г. по 22 августа 1986 г.
494,"Очень приятно, Бог",https://shikimori.one/animes/z14713-kamisama-hajimemashita,8.04,13,TV Сериал,Комедия,443 комментария,С 2 октября 2012 г. по 25 декабря 2012 г.
495,Детская игрушка,https://shikimori.one/animes/1486-kodomo-no-omocha-tv,8.04,102,TV Сериал,Комедия,106 комментариев,С 5 апреля 1996 г. по 27 марта 1998 г.
496,Патэма наоборот,https://shikimori.one/animes/12477-sakasama-no-patema,8.04,1 час 38 мин.,Фильм,Приключения,502 комментария,
497,Эксперименты Лэйн,https://shikimori.one/animes/339-serial-experiments-lain,8.04,13,TV Сериал,Безумие,1313 комментариев,С 6 июля 1998 г. по 28 сентября 1998 г.
498,Рубаки Некст,https://shikimori.one/animes/535-slayers-next,8.04,26,TV Сериал,Приключения,35 комментариев,С 5 апреля 1996 г. по 27 сентября 1996 г.
499,Девчонка не промах 2,https://shikimori.one/animes/39570-high-score-girl-ii,8.04,9,TV Сериал,Комедия,210 комментариев,С 26 октября 2019 г. по 21 декабря 2019 г.
